"group_key","bgg_id","name","year_published","rating","num_plays","players","complexity","bgg_rating","num_ratings","categories","mechanics"
"1","183571","Deep Space D-6","2015","8","3","1","1.6639","7.13791","3829","System.Object[]","System.Object[]"
"1","296237","Warp's Edge","2020","9","3","1","2.3896","7.64138","4464","Science Fiction","System.Object[]"
"1","337070","Arkham Noir: Case #3 – Infinite Gulfs of Darkness","2021","6","1","1","3.0909","7.10918","309","System.Object[]","System.Object[]"
"1","277659","Final Girl","2021","10","1","1","2.7553","8.22491","11174","System.Object[]","System.Object[]"
"1","306735","Under Falling Skies","2020","8","1","1","2.3937","7.59838","13936","System.Object[]","System.Object[]"
"1-100","233867","Welcome To...","2018","7.9","4","1-100","1.8422","7.50684","34745","City Building","System.Object[]"
"1-2","289566","Hunted: Kobayashi Tower","2021","8","4","1-2","2","6.83904","292","System.Object[]","System.Object[]"
"1-2","289565","Hunted: Mining Colony 415","2021","9","4","1-2","1.8182","6.87094","265","System.Object[]","System.Object[]"
"1-2","247236","Duelosaur Island","2018","8.1","3","1-2","2.3803","7.0126","3572","System.Object[]","System.Object[]"
"1-2","205637","Arkham Horror: The Card Game","2016","8.9","1","1-2","3.5658","8.11941","47680","System.Object[]","System.Object[]"
"1-2","347521","Blitzkrieg!: World War Two in 20 Minutes (Second Edition)","2021","7","1","1-2","1.7391","7.50772","746","System.Object[]","System.Object[]"
"1-2","329148","Hunted: Wode Ridge","2023","9","1","1-2","1.8","7.0209","67","System.Object[]","System.Object[]"
"1-2","267401","Lawyer Up","2021","7","1","1-2","2.6486","6.8203","1748","Card Game","System.Object[]"
"1-2","179275","One Deck Dungeon","2016","6.3","1","1-2","2.0928","6.93457","12882","System.Object[]","System.Object[]"
"1-2","256713","One Deck Galaxy","2022","7","1","1-2","3.3158","6.83863","605","System.Object[]","System.Object[]"
"1-4","229853","Teotihuacan: City of Gods","2018","10","36","1-4","3.7821","7.8356","22057","System.Object[]","System.Object[]"
"1-4","216132","Clans of Caledonia","2017","8.9","20","1-4","3.469","7.94533","22788","System.Object[]","System.Object[]"
"1-4","337627","Voidfall","2023","0","13","1-4","4.6141","8.50994","6914","System.Object[]","System.Object[]"
"1-4","337627","Voidfall","2023","10","13","1-4","4.6141","8.50994","6914","System.Object[]","System.Object[]"
"1-4","220308","Gaia Project","2017","8.8","11","1-4","4.4037","8.35174","31226","System.Object[]","System.Object[]"
"1-4","382518","Sankoré: The Pride of Mansa Musa","2024","9","7","1-4","4.2485","7.96681","1573","System.Object[]","System.Object[]"
"1-4","223779","Pocket Mars","2017","6.9","6","1-4","2.3151","6.41536","2027","System.Object[]","System.Object[]"
"1-4","418059","SETI: Search for Extraterrestrial Intelligence","2024","10","6","1-4","3.8299","8.41637","19335","System.Object[]","System.Object[]"
"1-4","221194","Dinosaur Island","2017","8","5","1-4","3.045","7.52733","17194","System.Object[]","System.Object[]"
"1-4","391137","Galactic Cruise","2025","9","5","1-4","3.9685","8.31962","6936","System.Object[]","System.Object[]"
"1-4","347305","Inventions: Evolution of Ideas","2024","0","5","1-4","4.5902","7.92105","2912","System.Object[]","System.Object[]"
"1-4","297030","Tekhenu: Obelisk of the Sun","2020","10","5","1-4","4.0664","7.66108","6651","System.Object[]","System.Object[]"
"1-4","299178","Small Railroad Empires","2021","8","4","1-4","2.3","6.59634","278","System.Object[]","System.Object[]"
"1-4","230253","Star Realms: Frontiers","2018","9","4","1-4","1.8844","7.90803","6225","System.Object[]","System.Object[]"
"1-4","269210","Twice as Clever!","2019","8","4","1-4","2.2718","7.41377","10204","System.Object[]","System.Object[]"
"1-4","264052","Circadians: First Light","2019","8","3","1-4","3.3723","7.51755","3609","System.Object[]","System.Object[]"
"1-4","138161","Firefly: The Game","2013","8.2","3","1-4","2.956","7.38165","12605","System.Object[]","System.Object[]"
"1-4","317859","Forests of Pangaia","2023","8","3","1-4","2.3696","7.25811","972","System.Object[]","System.Object[]"
"1-4","200077","Mint Works","2017","8","3","1-4","1.7308","6.88551","7049","System.Object[]","System.Object[]"
"1-4","184267","On Mars","2020","9","3","1-4","4.6264","8.1588","14909","System.Object[]","System.Object[]"
"1-4","307002","Regicide","2020","8","3","1-4","1.9679","7.38676","8825","System.Object[]","System.Object[]"
"1-4","306481","Tawantinsuyu: The Inca Empire","2020","9","3","1-4","4.089","7.36994","3091","System.Object[]","System.Object[]"
"1-4","328871","Terraforming Mars: Ares Expedition","2021","10","3","1-4","2.9241","7.63664","21059","System.Object[]","System.Object[]"
"1-4","231581","AuZtralia","2018","8","2","1-4","2.8873","7.33056","5280","System.Object[]","System.Object[]"
"1-4","356768","Bloc by Bloc: Uprising","2022","8","2","1-4","2.5789","7.23896","634","System.Object[]","System.Object[]"
"1-4","349948","Ceres","2023","9","2","1-4","3.2653","7.60807","921","System.Object[]","System.Object[]"
"1-4","331401","Dog Park","2022","9","2","1-4","2.1618","6.87647","3983","System.Object[]","System.Object[]"
"1-4","316554","Dune: Imperium","2020","8","2","1-4","3.0769","8.41224","58226","System.Object[]","System.Object[]"
"1-4","367150","Dune: War for Arrakis","2024","10","2","1-4","3.65","8.4874","4017","System.Object[]","System.Object[]"
"1-4","292126","Excavation Earth","2021","8.5","2","1-4","3.8077","7.11027","1644","System.Object[]","System.Object[]"
"1-4","284378","Kanban EV","2020","9","2","1-4","4.2899","8.38143","10238","System.Object[]","System.Object[]"
"1-4","340865","Lords of Ragnarok","2023","8","2","1-4","3.7857","7.27647","1317","System.Object[]","System.Object[]"
"1-4","266810","Paladins of the West Kingdom","2019","9","2","1-4","3.7097","7.95566","20514","Medieval","System.Object[]"
"1-4","306881","Railroad Ink Challenge: Lush Green Edition","2021","8","2","1-4","2.1143","7.56306","3843","System.Object[]","System.Object[]"
"1-4","274037","Solar Storm","2020","7","2","1-4","2.0667","6.93859","1324","System.Object[]","System.Object[]"
"1-4","381715","Teotihuacan: City of Gods – Deluxe Master Set","2024","0","2","1-4","3.9062","8.40683","650","Ancient","System.Object[]"
"1-4","291508","Tiny Epic Dinosaurs","2020","8","2","1-4","2.6522","7.27999","4221","System.Object[]","System.Object[]"
"1-4","425630","Baghdad: The City of Peace","2025","0","1","1-4","3.3571","7.63686","388","System.Object[]","System.Object[]"
"1-4","230244","Black Angel","2019","0","1","1-4","3.87","7.18317","5301","System.Object[]","System.Object[]"
"1-4","170223","Centauri Saga","2016","7","1","1-4","2.9412","6.51576","342","System.Object[]","System.Object[]"
"1-4","170223","Centauri Saga v1.5","2016","7","1","1-4","2.9412","6.51576","342","System.Object[]","System.Object[]"
"1-4","318009","Dinosaur Island: Rawr 'n Write","2021","8","1","1-4","2.8534","7.65449","4610","System.Object[]","System.Object[]"
"1-4","198609","Fate of the Elder Gods","2017","9","1","1-4","2.8276","7.21966","1143","System.Object[]","System.Object[]"
"1-4","345088","Founders of Teotihuacan","2022","6","1","1-4","2.8158","6.82855","851","System.Object[]","System.Object[]"
"1-4","278120","God of War: The Card Game","2019","7","1","1-4","2.5172","6.53862","1124","System.Object[]","System.Object[]"
"1-4","195314","Herbaceous","2017","7","1","1-4","1.226","6.98786","6261","System.Object[]","System.Object[]"
"1-4","318184","Imperium: Classics","2021","8","1","1-4","3.618","7.68459","8724","System.Object[]","System.Object[]"
"1-4","325494","ISS Vanguard","2022","9","1","1-4","3.6697","8.35256","6986","System.Object[]","System.Object[]"
"1-4","240957","Judge Dredd: The Cursed Earth","2019","6","1","1-4","2.1667","6.38983","654","System.Object[]","System.Object[]"
"1-4","368173","Let's Go! To Japan","2024","0","1","1-4","2.25","7.5811","7519","System.Object[]","System.Object[]"
"1-4","325941","Nemo's War: The Ultimate Edition","2022","8","1","1-4","3.25","8.20343","458","System.Object[]","System.Object[]"
"1-4","304510","Pampero","2024","0","1","1-4","3.94","7.46082","1365","System.Object[]","System.Object[]"
"1-4","343900","Senjutsu: Battle For Japan","2023","7.5","1","1-4","2.9189","7.20477","1330","System.Object[]","System.Object[]"
"1-4","255984","Sleeping Gods","2021","8","1","1-4","3.2649","8.09056","15870","System.Object[]","System.Object[]"
"1-4","375459","Speakeasy","2025","0","1","1-4","4.4119","8.45963","3621","System.Object[]","System.Object[]"
"1-4","345542","Stellar Expedition","2023","8","1","1-4","3","7.33026","76","System.Object[]","System.Object[]"
"1-4","123260","Suburbia","2012","7.8","1","1-4","2.7576","7.4551","26507","System.Object[]","System.Object[]"
"1-4","350458","Terracotta Army","2022","9","1","1-4","3.396","7.38562","2249","System.Object[]","System.Object[]"
"1-4","296108","Terraforming Mars: The Dice Game","2023","7","1","1-4","2.4179","7.31904","4433","System.Object[]","System.Object[]"
"1-4","292375","The Great Wall","2021","8","1","1-4","3.9057","7.78647","5167","System.Object[]","System.Object[]"
"1-4","279537","The Search for Planet X","2020","8","1","1-4","2.4355","7.89809","15630","System.Object[]","System.Object[]"
"1-4","408253","Tiny Epic Cthulhu: Deluxe Edition","2024","0","1","1-4","3","7.31833","120","System.Object[]","System.Object[]"
"1-4","276997","X-ODUS: Rise of the Corruption","2020","9","1","1-4","3.3269","7.68471","651","System.Object[]","System.Object[]"
"1-5","167791","Terraforming Mars","2016","9","15","1-5","3.2714","8.33813","112964","System.Object[]","System.Object[]"
"1-5","236457","Architects of the West Kingdom","2018","8.2","13","1-5","2.7625","7.70678","32559","System.Object[]","System.Object[]"
"1-5","169786","Scythe","2016","8.9","7","1-5","3.4532","8.10128","93198","System.Object[]","System.Object[]"
"1-5","253344","Cthulhu: Death May Die","2019","9.9","6","1-5","2.5","8.1826","16837","System.Object[]","System.Object[]"
"1-5","163967","Tiny Epic Galaxies","2015","8","4","1-5","2.1547","7.3191","22230","System.Object[]","System.Object[]"
"1-5","171273","FUSE","2015","7.5","3","1-5","1.6628","6.98334","9261","System.Object[]","System.Object[]"
"1-5","146652","Legendary Encounters: An Alien Deck Building Game","2014","8","2","1-5","2.7067","7.7529","13723","System.Object[]","System.Object[]"
"1-5","348877","Lobotomy 2: Manhunt","2022","9.5","2","1-5","3.0714","8.04979","385","System.Object[]","System.Object[]"
"1-5","284653","Mind MGMT: The Psychic Espionage “Game.”","2021","0","2","1-5","2.9097","7.78229","7248","System.Object[]","System.Object[]"
"1-5","167355","Nemesis","2018","9.1","2","1-5","3.4874","8.24992","37307","System.Object[]","System.Object[]"
"1-5","310100","Nemesis: Lockdown","2022","9","2","1-5","3.9128","8.24707","8327","System.Object[]","System.Object[]"
"1-5","266524","PARKS","2019","8.5","2","1-5","2.1242","7.61618","30623","System.Object[]","System.Object[]"
"1-5","279720","Streets","2021","7","2","1-5","1.9825","6.57495","1932","City Building","System.Object[]"
"1-5","283095","Cosmic Colonies","2020","8","1","1-5","2.0625","6.90399","891","System.Object[]","System.Object[]"
"1-5","373600","Cthulhu: Death May Die – Fear of the Unknown","2024","0","1","1-5","2.6977","8.71982","1635","System.Object[]","System.Object[]"
"1-5","163170","Firefly: Shiny Dice","2015","5","1","1-5","1.875","5.45363","750","System.Object[]","System.Object[]"
"1-5","252752","Genotype: A Mendelian Genetics Game","2021","8","1","1-5","2.7841","7.4131","2702","System.Object[]","System.Object[]"
"1-5","205059","Mansions of Madness: Second Edition","2016","9","1","1-5","2.6963","7.91649","40284","System.Object[]","System.Object[]"
"1-5","230251","Mint Delivery","2017","0","1","1-5","1.6316","6.1537","2562","System.Object[]","System.Object[]"
"1-5","358386","Moon","2023","8","1","1-5","2.5135","7.2953","1371","System.Object[]","System.Object[]"
"1-5","192638","Multiuniversum","2016","7","1","1-5","1.8837","6.50915","1563","System.Object[]","System.Object[]"
"1-5","38453","Space Alert","2008","7","1","1-5","2.9699","7.37766","16536","System.Object[]","System.Object[]"
"1-5","285826","Ultra Tiny Epic Galaxies","2019","8","1","1-5","2.1875","7.30813","1446","System.Object[]","System.Object[]"
"1-5","241724","Villagers","2019","7","1","1-5","2.227","7.10542","8269","System.Object[]","System.Object[]"
"1-6","226320","My Little Scythe","2018","8","8","1-6","2.0299","7.19947","6354","System.Object[]","System.Object[]"
"1-6","258779","Planet Unknown","2022","8","8","1-6","2.2514","7.76085","14094","System.Object[]","System.Object[]"
"1-6","257089","Big Trouble in Little China: The Game – Deluxe Edition","2018","7.5","4","1-6","3","7.73951","162","System.Object[]","System.Object[]"
"1-6","257499","Arkham Horror (Third Edition)","2018","9","3","1-6","3.3733","7.67679","11019","System.Object[]","System.Object[]"
"1-6","281258","Sub Terra II: Inferno's Edge","2023","9","2","1-6","2.1667","7.5011","1180","System.Object[]","System.Object[]"
"1-6","256852","Aliens: Another Glorious Day in the Corps","2020","7","1","1-6","2.8378","7.42331","1918","System.Object[]","System.Object[]"
"1-6","376747","Deep Dive","2023","6","1","1-6","1.1136","6.61365","1701","System.Object[]","System.Object[]"
"1-7","248490","Atlantis Rising (Second Edition)","2019","8","3","1-7","2.4643","7.47966","5348","System.Object[]","System.Object[]"
"1-8","100423","Elder Sign","2011","7.6","6","1-8","2.3434","6.96681","26292","System.Object[]","System.Object[]"
"1-8","361545","Twilight Inscription","2022","8","5","1-8","3.2155","7.40584","5187","Science Fiction","System.Object[]"
"1-8","247567","D-Day Dice Pocket","2019","5","1","1-8","1.125","6.37574","335","System.Object[]","System.Object[]"
"1-8","146021","Eldritch Horror","2013","9","1","1-8","3.3174","7.74347","39031","System.Object[]","System.Object[]"
"1-8","295293","The Thing: The Boardgame","2022","8","1","1-8","2.9576","7.61878","3157","System.Object[]","System.Object[]"
"2","54043","Jaipur","2009","8","18","2","1.4635","7.47943","58077","System.Object[]","System.Object[]"
"2","118048","Targi","2012","6","10","2","2.3424","7.58799","26686","System.Object[]","System.Object[]"
"2","50","Lost Cities","1999","7","7","2","1.4746","7.25831","50891","System.Object[]","System.Object[]"
"2","163412","Patchwork","2014","8","7","2","1.5977","7.57924","73973","System.Object[]","System.Object[]"
"2","264241","Mandala","2019","7","5","2","1.7815","7.43216","7159","System.Object[]","System.Object[]"
"2","366495","Undaunted: Battle of Britain","2023","8","4","2","2.75","7.87165","1199","System.Object[]","System.Object[]"
"2","326485","Cthulhu Wars: Duel","2020","9","3","2","2.8889","6.9677","560","System.Object[]","System.Object[]"
"2","274364","Watergate","2019","8","3","2","2.2924","7.71461","14256","System.Object[]","System.Object[]"
"2","247367","Air, Land, & Sea","2019","7","2","2","1.7411","7.43886","10714","System.Object[]","System.Object[]"
"2","247367","Air, Land, & Sea","2019","7","2","2","1.7411","7.43886","10714","System.Object[]","System.Object[]"
"2","298572","Cosmic Encounter Duel","2020","8.6","2","2","2.381","6.55487","1161","System.Object[]","System.Object[]"
"2","312251","Curious Cargo","2020","9","2","2","3.2162","6.98277","2758","System.Object[]","System.Object[]"
"2","255674","Imhotep: The Duel","2018","7.4","2","2","1.9701","7.04865","3502","Ancient","System.Object[]"
"2","122298","Morels","2012","6","2","2","1.7366","6.96732","10205","System.Object[]","System.Object[]"
"2","177639","Raptor","2015","8","2","2","2.0761","7.21071","10883","System.Object[]","System.Object[]"
"2","268864","Undaunted: Normandy","2019","8","2","2","2.2661","7.76528","14205","System.Object[]","System.Object[]"
"2","290359","Undaunted: North Africa","2020","7","2","2","2.3333","7.7525","4600","System.Object[]","System.Object[]"
"2","173346","7 Wonders Duel","2015","8.1","1","2","2.2273","8.07729","108693","System.Object[]","System.Object[]"
"2","158600","Hanamikoji","2013","7","1","2","1.6762","7.45138","21341","System.Object[]","System.Object[]"
"2","4396","Odin's Ravens","2002","7.1","1","2","1.6802","6.64425","3952","System.Object[]","System.Object[]"
"2","147020","Star Realms","2014","7.9","1","2","1.9145","7.55116","47977","System.Object[]","System.Object[]"
"2","182631","Star Realms: Colony Wars","2015","7","1","2","1.8797","7.77826","8817","System.Object[]","System.Object[]"
"2","171226","Starfighter","2015","5","1","2","2.7742","6.6619","737","System.Object[]","System.Object[]"
"2","226631","War of the Worlds: The New Wave","2019","8.6","1","2","2.2083","7.02501","941","System.Object[]","System.Object[]"
"2-10","432","Take 5","1994","7","22","2-10","1.1887","6.98464","32590","System.Object[]","System.Object[]"
"2-4","230802","Azul","2017","7","19","2-4","1.7744","7.71554","108117","System.Object[]","System.Object[]"
"2-4","205597","Jump Drive","2017","7.8","19","2-4","2.0154","6.99847","5453","System.Object[]","System.Object[]"
"2-4","10630","Memoir '44","2004","8","18","2-4","2.2729","7.5316","31903","System.Object[]","System.Object[]"
"2-4","345868","Federation","2022","9.5","15","2-4","3.7453","7.82796","3310","System.Object[]","System.Object[]"
"2-4","270314","Ohanami","2019","7","13","2-4","1.1597","7.2595","4700","System.Object[]","System.Object[]"
"2-4","68425","Eminent Domain","2011","8.5","10","2-4","2.5099","6.96269","10740","System.Object[]","System.Object[]"
"2-4","247143","Senshi","2018","8","9","2-4","1.8333","6.14885","470","Abstract Strategy","Set Collection"
"2-4","178044","Small Star Empires","2016","7","8","2-4","2.0312","7.08055","733","System.Object[]","System.Object[]"
"2-4","172287","Champions of Midgard","2015","8.3","7","2-4","2.6208","7.70344","18761","System.Object[]","System.Object[]"
"2-4","140934","Arboretum","2015","7.5","6","2-4","2.1118","7.2428","23825","System.Object[]","System.Object[]"
"2-4","317985","Beyond the Sun","2020","9","6","2-4","3.1538","7.86216","17517","System.Object[]","System.Object[]"
"2-4","356414","Space Station Phoenix","2022","9.5","6","2-4","3.0476","7.36939","1831","System.Object[]","System.Object[]"
"2-4","220792","The Expanse Board Game","2017","8.2","6","2-4","2.8182","7.16326","1854","System.Object[]","System.Object[]"
"2-4","237179","Weather Machine","2022","9","6","2-4","4.5608","7.68577","4137","System.Object[]","System.Object[]"
"2-4","260300","Dungeon Mayhem","2018","7.5","5","2-4","1.1518","6.86018","4689","System.Object[]","System.Object[]"
"2-4","155821","Inis","2016","8.2","5","2-4","2.9414","7.81397","23064","System.Object[]","System.Object[]"
"2-4","811","Rummikub","1977","6","5","2-4","1.707","6.52182","21926","System.Object[]","System.Object[]"
"2-4","242574","Century: Eastern Wonders","2018","8","4","2-4","2.1081","7.09677","8043","Nautical","System.Object[]"
"2-4","265188","Glen More II: Chronicles","2019","8.2","4","2-4","3.006","7.8568","9488","System.Object[]","System.Object[]"
"2-4","270673","Silver & Gold","2019","7.8","4","2-4","1.2169","7.16198","8984","System.Object[]","System.Object[]"
"2-4","126163","Tzolk'in: The Mayan Calendar","2012","8.2","4","2-4","3.6646","7.84642","42421","System.Object[]","System.Object[]"
"2-4","303554","Winter Kingdom","2020","6","4","2-4","2.6154","7.2734","1016","System.Object[]","System.Object[]"
"2-4","48726","Alien Frontiers","2010","7.9","3","2-4","2.5647","7.3398","15579","System.Object[]","System.Object[]"
"2-4","358661","Andromeda's Edge","2024","0","3","2-4","3.745","8.25263","6044","System.Object[]","System.Object[]"
"2-4","194594","Dice Forge","2017","8.1","3","2-4","1.9724","7.21274","24479","System.Object[]","System.Object[]"
"2-4","321608","Hegemony: Lead Your Class to Victory","2023","8","3","2-4","4.255","8.37442","12014","System.Object[]","System.Object[]"
"2-4","155065","Lifeform","2019","9","3","2-4","3.0667","7.18179","291","System.Object[]","System.Object[]"
"2-4","129622","Love Letter","2012","7","3","2-4","1.1849","7.22635","71772","System.Object[]","System.Object[]"
"2-4","228341","Pulsar 2849","2017","8.9","3","2-4","3.3385","7.63474","9768","System.Object[]","System.Object[]"
"2-4","242684","Reavers of Midgard","2019","8","3","2-4","2.934","7.32304","3295","","System.Object[]"
"2-4","417197","Rebirth","2024","0","3","2-4","1.9781","7.75732","5526","System.Object[]","System.Object[]"
"2-4","298231","Skyrise","2024","0","3","2-4","2.2447","7.67036","3757","Territory Building","System.Object[]"
"2-4","284616","Small Samurai Empires","2020","8","3","2-4","2.7451","7.54942","950","System.Object[]","System.Object[]"
"2-4","317457","Dinosaur World","2021","8","2","2-4","3.2687","7.31604","4512","System.Object[]","System.Object[]"
"2-4","315727","Last Light","2023","8","2","2-4","2.7778","7.33335","2297","System.Object[]","System.Object[]"
"2-4","30549","Pandemic","2008","7.5","2","2-4","2.3941","7.51354","134947","System.Object[]","System.Object[]"
"2-4","232043","Queendomino","2017","7","2","2-4","2.0698","7.13678","11812","System.Object[]","System.Object[]"
"2-4","319966","The King Is Dead: Second Edition","2020","9","2","2-4","2.17","7.58797","8603","System.Object[]","System.Object[]"
"2-4","299450","Tsukuyumi: Full Moon Down (Second Edition)","2020","9","2","2-4","3.6552","7.49339","532","System.Object[]","System.Object[]"
"2-4","290484","Unsettled","2021","10","2","2-4","3.2846","8.05993","3838","System.Object[]","System.Object[]"
"2-4","290484","Unsettled","2021","9","2","2-4","3.2846","8.05993","3838","System.Object[]","System.Object[]"
"2-4","110277","Among the Stars","2012","7.5","1","2-4","2.2377","7.00909","7379","System.Object[]","System.Object[]"
"2-4","139976","Cthulhu Wars","2015","7.5","1","2-4","3.1466","7.83923","6858","System.Object[]","System.Object[]"
"2-4","344839","Dog Lover","2021","7","1","2-4","1.8387","6.69968","1478","System.Object[]","System.Object[]"
"2-4","262941","Dominant Species: Marine","2021","9","1","2-4","3.6923","7.85292","2919","System.Object[]","System.Object[]"
"2-4","65244","Forbidden Island","2010","7","1","2-4","1.739","6.75039","54400","System.Object[]","System.Object[]"
"2-4","31481","Galaxy Trucker","2007","7","1","2-4","2.3283","7.32197","35746","System.Object[]","System.Object[]"
"2-4","8203","Hey, That's My Fish!","2003","7","1","2-4","1.4446","6.69939","22769","System.Object[]","System.Object[]"
"2-4","272738","Jaws","2019","7","1","2-4","2.1778","7.06139","6978","System.Object[]","System.Object[]"
"2-4","379629","Knarr","2023","7","1","2-4","1.9087","7.47168","8041","Card Game","System.Object[]"
"2-4","264141","Kodachi","2019","7","1","2-4","1.8261","7.28895","513","Card Game","System.Object[]"
"2-4","193322","Master of Orion: The Board Game","2016","6","1","2-4","2.4384","6.90738","2005","System.Object[]","System.Object[]"
"2-4","147299","Pocket Imperium","2013","6.2","1","2-4","1.9459","6.18682","780","System.Object[]","System.Object[]"
"2-4","192153","Reign of Cthulhu","2016","7","1","2-4","2.1652","7.35714","11046","System.Object[]","System.Object[]"
"2-4","309297","SCOPE Stalingrad","2020","6","1","2-4","1.5333","6.82875","296","System.Object[]","System.Object[]"
"2-4","253284","Ticket to Ride: New York","2018","7","1","2-4","1.2632","6.88015","7725","Trains","System.Object[]"
"2-4","260923","Titan","2022","9","1","2-4","3.5","6.97113","203","System.Object[]","System.Object[]"
"2-4","115746","War of the Ring: Second Edition","2011","9","1","2-4","4.2239","8.55205","25070","System.Object[]","System.Object[]"
"2-4","362944","War of the Ring: The Card Game","2022","7","1","2-4","2.9809","7.60321","4833","System.Object[]","System.Object[]"
"2-5","232832","Century: Golem Edition","2017","9","22","2-5","1.7168","7.57649","14134","System.Object[]","System.Object[]"
"2-5","209685","Century: Spice Road","2017","7.2","15","2-5","1.7986","7.29009","27690","System.Object[]","System.Object[]"
"2-5","822","Carcassonne","2000","7.8","10","2-5","1.885","7.41633","139563","System.Object[]","System.Object[]"
"2-5","291453","SCOUT","2019","8","8","2-5","1.3856","7.78921","27940","Card Game","System.Object[]"
"2-5","242302","Space Base","2018","9.1","8","2-5","2.1315","7.53966","23429","System.Object[]","System.Object[]"
"2-5","133473","Sushi Go!","2013","7","8","2-5","1.1644","6.9823","52344","System.Object[]","System.Object[]"
"2-5","329151","Draconic Dice","2021","7","5","2-5","1.1429","6.33396","75","Dice","Dice Rolling"
"2-5","218509","Empires of the Void II","2018","9.1","3","2-5","3.472","7.44154","2811","System.Object[]","System.Object[]"
"2-5","324856","The Crew: Mission Deep Sea","2021","0","3","2-5","2.0502","8.05009","25445","System.Object[]","System.Object[]"
"2-5","284083","The Crew: The Quest for Planet Nine","2019","7","3","2-5","1.9659","7.75607","48552","System.Object[]","System.Object[]"
"2-5","300442","Trekking the World","2020","7","3","2-5","1.8936","7.03753","3567","System.Object[]","System.Object[]"
"2-5","286160","Godspeed","2020","9","2","2-5","2.75","6.99837","1032","Science Fiction","System.Object[]"
"2-5","380707","Vindication: Archive of the Ancients","2023","10","2","2-5","3","8.56606","274","Fantasy","System.Object[]"
"2-5","172225","Exploding Kittens","2015","6","1","2-5","1.0807","6.06944","41488","System.Object[]","System.Object[]"
"2-5","136063","Forbidden Desert","2013","5","1","2-5","2.0413","7.05943","32846","System.Object[]","System.Object[]"
"2-5","369258","Isle of Skye: Big Box","2022","7","1","2-5","2.125","7.93897","567","System.Object[]","System.Object[]"
"2-5","297562","Kemet: Blood and Sand","2021","7","1","2-5","3.1965","7.90331","6175","System.Object[]","System.Object[]"
"2-5","156009","Port Royal","2014","6.7","1","2-5","1.6332","7.10379","19158","System.Object[]","System.Object[]"
"2-5","172047","The Others","2016","8","1","2-5","3.0565","7.28173","4259","System.Object[]","System.Object[]"
"2-5","14996","Ticket to Ride: Europe","2005","6.5","1","2-5","1.9155","7.5238","85333","Trains","System.Object[]"
"2-6","223040","Fantasy Realms","2017","9","15","2-6","1.8142","7.50213","18352","System.Object[]","System.Object[]"
"2-6","11971","Cockroach Poker","2004","6","6","2-6","1.0969","6.80185","16363","System.Object[]","System.Object[]"
"2-6","133848","Euphoria: Build a Better Dystopia","2013","8","6","2-6","3.112","7.16344","11411","Science Fiction","System.Object[]"
"2-6","122842","Exodus: Proxima Centauri","2012","10","6","2-6","3.6091","7.13523","1750","System.Object[]","System.Object[]"
"2-6","353470","Star Wars: Jabba's Palace – A Love Letter Game","2022","7","6","2-6","1.25","7.19372","3560","System.Object[]","System.Object[]"
"2-6","131357","Coup","2012","7","5","2-6","1.4152","6.97519","52156","System.Object[]","System.Object[]"
"2-6","274960","Point Salad","2019","7","5","2-6","1.1529","7.08964","23215","Card Game","System.Object[]"
"2-6","4279","Flux","1986","5","3","2-6","1.3846","5.45436","298","System.Object[]","Hexagon Grid"
"2-6","313841","Lunar Base","2021","7","3","2-6","2.0476","7.10936","446","System.Object[]","System.Object[]"
"2-6","250467","Red Alert: Space Fleet Warfare","2019","8.2","3","2-6","2.3529","7.77423","343","System.Object[]","System.Object[]"
"2-6","159473","Quartermaster General","2014","7","2","2-6","2.2866","7.2591","2870","System.Object[]","System.Object[]"
"2-6","347117","Star Trek: Missions","2022","8","2","2-6","2","6.73275","694","System.Object[]","System.Object[]"
"2-6","145976","Talon","2016","8","2","2-6","2.6","7.38151","886","System.Object[]","System.Object[]"
"2-6","220700","Cobra Paw","2017","6.9","1","2-6","1","6.27284","1349","System.Object[]","System.Object[]"
"2-6","62219","Dominant Species","2010","9","1","2-6","4.0447","7.802","22379","System.Object[]","System.Object[]"
"2-6","283355","Dune","2019","8","1","2-6","3.9807","7.91628","10756","System.Object[]","System.Object[]"
"2-6","246900","Eclipse: Second Dawn for the Galaxy","2020","10","1","2-6","3.6651","8.38856","17345","System.Object[]","System.Object[]"
"2-6","233868","HATE","2019","8","1","2-6","2.4878","7.65561","1139","System.Object[]","System.Object[]"
"2-6","59959","Letters from Whitechapel","2011","8","1","2-6","2.6398","7.32931","17037","System.Object[]","System.Object[]"
"2-6","331979","Quartermaster General WW2: 2nd Edition","2020","8","1","2-6","2.619","7.6863","688","System.Object[]","System.Object[]"
"2-7","181304","Mysterium","2015","7","6","2-7","1.8899","7.19043","49104","System.Object[]","System.Object[]"
"2-7","194879","Not Alone","2016","7","1","2-7","2","6.95492","11967","System.Object[]","System.Object[]"
"2-75","232524","Welcome to Dino World","2017","7.2","2","2-75","2.375","6.71487","1269","System.Object[]","System.Object[]"
"2-8","178900","Codenames","2015","6","5","2-8","1.2553","7.525","103823","System.Object[]","System.Object[]"
"2-8","234190","Unstable Unicorns","2017","6","1","2-8","1.4906","6.22622","11711","System.Object[]","System.Object[]"
"2-99","62871","Zombie Dice","2010","7.2","1","2-99","1.0923","6.22983","19233","System.Object[]","System.Object[]"
"3-5","3076","Puerto Rico","2002","8.6","12","3-5","3.2664","7.89913","74218","System.Object[]","System.Object[]"
"3-5","39463","Cosmic Encounter","2008","8.5","8","3-5","2.5814","7.50745","34889","System.Object[]","System.Object[]"
"3-5","82222","Xia: Legends of a Drift System","2014","9.8","5","3-5","3.2015","7.85681","11098","System.Object[]","System.Object[]"
"3-5","105593","Cheating Moth","2011","6","1","3-5","1.162","6.40597","6496","System.Object[]","Hand Management"
"3-6","37111","Battlestar Galactica: The Board Game","2008","10","1","3-6","3.2513","7.73105","37629","System.Object[]","System.Object[]"
"3-6","160968","Homeland: The Game","2015","6","1","3-6","2.6531","6.49403","1157","System.Object[]","System.Object[]"
"3-6","123096","Space Cadets","2012","8","1","3-6","2.7471","6.54793","3439","System.Object[]","System.Object[]"
"3-6","340466","Unfathomable","2021","9","1","3-6","3.1244","7.46459","7227","System.Object[]","System.Object[]"
"3-7","12942","No Thanks!","2004","6","7","3-7","1.1299","7.08036","30585","Card Game","System.Object[]"
"3-8","143741","BANG! The Dice Game","2013","6","5","3-8","1.2789","6.8764","26392","System.Object[]","System.Object[]"
"3-8","194626","Happy Salmon","2016","4","1","3-8","1.0584","6.64714","6956","System.Object[]","Real-Time"
"4-8","142079","Space Cadets: Dice Duel","2013","8","3","4-8","2.0874","6.73444","3101","System.Object[]","System.Object[]"
"4-8","253786","Don't Mess with Cthulhu Deluxe","2018","0","1","4-8","1.2353","7.33806","877","System.Object[]","System.Object[]"
"4-9","202426","Sidereal Confluence","2017","9","3","4-9","3.5671","7.76025","6208","System.Object[]","System.Object[]"
"5-10","41114","The Resistance","2009","6","1","5-10","1.5908","7.19032","42662","System.Object[]","System.Object[]"
