"tier","source_bucket","rank_in_tier","bgg_id","name","current_rating","num_plays","collection","previously_owned","want_to_play","want_to_buy","collection_to_exit","collection_status","players","complexity","bgg_rating","bgg_comment","notes","bgg_game_url"
"S","10","1","381715","Teotihuacan: City of Gods – Deluxe Master Set","9.999","38","True","False","True","False","False","Owned","1-4","3.9118","8.41282","September 2024 (soon)","","https://boardgamegeek.com/boardgame/381715"
"S","10","2","382518","Sankoré: The Pride of Mansa Musa","9.962","7","True","False","False","False","False","Owned","1-4","4.2554","7.94531","","","https://boardgamegeek.com/boardgame/382518"
"S","10","3","337627","Voidfall","9.925","13","True","False","True","False","False","Owned","1-4","4.6224","8.49857","","","https://boardgamegeek.com/boardgame/337627"
"S","10","4","367150","Dune: War for Arrakis","9.888","2","True","False","False","False","False","Owned","1-4","3.6453","8.48027","","","https://boardgamegeek.com/boardgame/367150"
"S","10","5","391137","Galactic Cruise","9.851","5","True","False","False","False","False","Owned","1-4","3.9808","8.28294","Production","","https://boardgamegeek.com/boardgame/391137"
"S","10","6","375459","Speakeasy","9.814","1","True","False","False","False","False","Owned","1-4","4.4328","8.42237","","","https://boardgamegeek.com/boardgame/375459"
"S","10","7","122842","Exodus: Proxima Centauri","9.777","6","True","False","False","False","False","Owned","2-6","3.6091","7.1338","","","https://boardgamegeek.com/boardgame/122842"
"S","10","8","297030","Tekhenu: Obelisk of the Sun","9.74","5","True","False","True","False","False","Owned","1-4","4.0702","7.65911","","","https://boardgamegeek.com/boardgame/297030"
"S","10","9","82222","Xia: Legends of a Drift System","9.703","5","True","False","True","False","False","Owned","3-5","3.2029","7.85298","","","https://boardgamegeek.com/boardgame/82222"
"S","10","10","304510","Pampero","9.666","1","True","False","False","False","False","Owned","1-4","3.9412","7.44434","? ship 29th July 2024","","https://boardgamegeek.com/boardgame/304510"
"S","10","11","347305","Inventions: Evolution of Ideas","9.629","5","True","False","False","False","False","Owned","1-4","4.5969","7.91321","","","https://boardgamegeek.com/boardgame/347305"
"S","10","12","348877","Lobotomy 2: Manhunt","9.592","2","True","False","True","False","False","Owned","1-5","3.1333","8.0114","","","https://boardgamegeek.com/boardgame/348877"
"S","10","13","358661","Andromeda's Edge","9.555","3","True","False","False","False","False","Owned","2-4","3.7445","8.23651","September 2024","","https://boardgamegeek.com/boardgame/358661"
"S","10","14","403150","World Order","9.518","2","True","False","False","False","False","Owned","2-4","3.7863","8.13963","","","https://boardgamegeek.com/boardgame/403150"
"S","10","15","246900","Eclipse: Second Dawn for the Galaxy","9.481","1","True","False","True","False","False","Owned","2-6","3.6688","8.38015","","","https://boardgamegeek.com/boardgame/246900"
"S","10","16","418059","SETI: Search for Extraterrestrial Intelligence","9.444","6","True","False","True","False","False","Owned","1-4","3.8357","8.41194","","","https://boardgamegeek.com/boardgame/418059"
"S","10","17","345868","Federation","9.407","16","True","False","False","False","False","Owned","2-4","3.759","7.81732","","","https://boardgamegeek.com/boardgame/345868"
"S","10","18","167355","Nemesis","9.37","2","True","False","False","False","False","Owned","1-5","3.4916","8.24282","","","https://boardgamegeek.com/boardgame/167355"
"S","10","19","425630","Baghdad: The City of Peace","9.333","2","True","False","False","False","False","Owned","1-4","3.2941","7.69137","","","https://boardgamegeek.com/boardgame/425630"
"S","10","20","253344","Cthulhu: Death May Die","9.296","6","True","False","True","False","False","Owned","1-5","2.4921","8.17822","","","https://boardgamegeek.com/boardgame/253344"
"S","10","21","380707","Vindication: Archive of the Ancients","9.259","2","True","False","False","False","False","Owned","2-5","3","8.57805","","","https://boardgamegeek.com/boardgame/380707"
"S","10","22","290484","Unsettled","9.222","2","True","False","True","False","False","Owned","2-4","3.2879","8.04595","","","https://boardgamegeek.com/boardgame/290484"
"S","10","23","277659","Final Girl","9.185","1","True","False","False","False","False","Owned","1","2.7603","8.20805","","","https://boardgamegeek.com/boardgame/277659"
"S","10","24","37111","Battlestar Galactica: The Board Game","9.148","1","True","False","False","False","False","Owned","3-6","3.2513","7.73108","","","https://boardgamegeek.com/boardgame/37111"
"S","10","25","270408","Exodus Chronicles","9.111","0","False","False","True","False","False","NotOwned","1-6",,"6.01925","","","https://boardgamegeek.com/boardgame/270408"
"S","10","26","72125","Eclipse: New Dawn for the Galaxy","9.074","2","False","False","False","False","False","NotOwned","2-6","3.7061","7.81662","","","https://boardgamegeek.com/boardgame/72125"
"S","10","27","132531","Roll for the Galaxy","9.037","7","False","False","False","False","False","NotOwned","2-5","2.7841","7.56405","","","https://boardgamegeek.com/boardgame/132531"
"S","10","28","329500","Unconscious Mind","9","1","False","False","False","True","False","NotOwned","1-4","4.0232","7.87333","","","https://boardgamegeek.com/boardgame/329500"
"A","9","1","325494","ISS Vanguard","8.999","1","True","False","True","False","False","Owned","1-4","3.6677","8.32857","","","https://boardgamegeek.com/boardgame/325494"
"A","9","2","284378","Kanban EV","8.984","2","True","False","True","False","False","Owned","1-4","4.2955","8.37196","","","https://boardgamegeek.com/boardgame/284378"
"A","9","3","310100","Nemesis: Lockdown","8.969","2","True","False","True","False","False","Owned","1-5","3.9213","8.23651","Fantastic game","","https://boardgamegeek.com/boardgame/310100"
"A","9","4","184267","On Mars","8.954","5","True","False","True","False","False","Owned","1-4","4.6241","8.15821","","","https://boardgamegeek.com/boardgame/184267"
"A","9","5","202426","Sidereal Confluence","8.939","3","True","False","True","False","False","Owned","4-9","3.5636","7.75754","","","https://boardgamegeek.com/boardgame/202426"
"A","9","6","250467","Red Alert: Space Fleet Warfare","8.924","3","True","False","True","False","False","Owned","2-6","2.3529","7.7544","","","https://boardgamegeek.com/boardgame/250467"
"A","9","7","237179","Weather Machine","8.91","6","True","False","True","False","False","Owned","2-4","4.5664","7.67414","","","https://boardgamegeek.com/boardgame/237179"
"A","9","8","299450","Tsukuyumi: Full Moon Down (Second Edition)","8.895","2","True","False","True","False","False","Owned","2-4","3.6552","7.50901","","","https://boardgamegeek.com/boardgame/299450"
"A","9","9","155065","Lifeform","8.88","3","True","False","True","False","False","Owned","2-4","3.0667","7.16987","","","https://boardgamegeek.com/boardgame/155065"
"A","9","10","172047","The Others","8.865","1","True","False","True","False","False","Owned","2-5","3.0565","7.2846","","","https://boardgamegeek.com/boardgame/172047"
"A","9","11","292126","Excavation Earth","8.85","2","True","False","True","False","False","Owned","1-4","3.8077","7.09842","","","https://boardgamegeek.com/boardgame/292126"
"A","9","12","349948","Ceres","8.835","2","True","False","False","False","False","Owned","1-4","3.2157","7.61114","","","https://boardgamegeek.com/boardgame/349948"
"A","9","13","216132","Clans of Caledonia","8.82","21","True","False","True","False","False","Owned","1-4","3.4662","7.94174","","","https://boardgamegeek.com/boardgame/216132"
"A","9","14","321608","Hegemony: Lead Your Class to Victory","8.805","3","True","False","False","False","False","Owned","2-4","4.256","8.35491","","","https://boardgamegeek.com/boardgame/321608"
"A","9","15","260923","Titan","8.79","1","True","False","True","False","False","Owned","2-4","3.5","6.94912","","","https://boardgamegeek.com/boardgame/260923"
"A","9","16","115746","War of the Ring: Second Edition","8.775","1","True","False","True","False","False","Owned","2-4","4.2321","8.55324","","","https://boardgamegeek.com/boardgame/115746"
"A","9","17","356414","Space Station Phoenix","8.76","6","True","False","True","False","False","Owned","2-4","3.0462","7.3648","","","https://boardgamegeek.com/boardgame/356414"
"A","9","18","228341","Pulsar 2849","8.746","3","True","False","True","False","False","Owned","2-4","3.3385","7.63028","","","https://boardgamegeek.com/boardgame/228341"
"A","9","19","373600","Cthulhu: Death May Die – Fear of the Unknown","8.731","1","True","False","False","False","False","Owned","1-5","2.7083","8.69872","EU Hub: The containers should arrive at the Hub between August 3 and August 10.","","https://boardgamegeek.com/boardgame/373600"
"A","9","20","257089","Big Trouble in Little China: The Game – Deluxe Edition","8.716","4","True","False","False","False","False","Owned","1-6","3","7.75307","","","https://boardgamegeek.com/boardgame/257089"
"A","9","21","266810","Paladins of the West Kingdom","8.701","2","True","False","True","False","False","Owned","1-4","3.7046","7.95151","","","https://boardgamegeek.com/boardgame/266810"
"A","9","22","306481","Tawantinsuyu: The Inca Empire","8.686","3","True","False","True","False","False","Owned","1-4","4.0954","7.36764","","","https://boardgamegeek.com/boardgame/306481"
"A","9","23","220308","Gaia Project","8.671","12","True","False","True","False","False","Owned","1-4","4.4037","8.34642","","","https://boardgamegeek.com/boardgame/220308"
"A","9","24","218509","Empires of the Void II","8.656","3","True","False","True","False","False","Owned","2-5","3.5","7.4344","","","https://boardgamegeek.com/boardgame/218509"
"A","9","25","233868","HATE","8.641","1","True","False","True","False","False","Owned","2-6","2.4878","7.65249","","","https://boardgamegeek.com/boardgame/233868"
"A","9","26","126163","Tzolk'in: The Mayan Calendar","8.626","4","True","False","True","False","False","Owned","2-4","3.663","7.84233","","","https://boardgamegeek.com/boardgame/126163"
"A","9","27","257499","Arkham Horror (Third Edition)","8.611","3","True","False","True","False","False","Owned","1-6","3.375","7.67823","","","https://boardgamegeek.com/boardgame/257499"
"A","9","28","317985","Beyond the Sun","8.596","6","True","False","True","False","False","Owned","2-4","3.1536","7.85916","","","https://boardgamegeek.com/boardgame/317985"
"A","9","29","265188","Glen More II: Chronicles","8.582","4","True","False","False","False","False","Owned","2-4","3.0029","7.85204","","","https://boardgamegeek.com/boardgame/265188"
"A","9","30","172287","Champions of Midgard","8.567","7","True","False","False","False","False","Owned","2-4","2.6195","7.70167","","","https://boardgamegeek.com/boardgame/172287"
"A","9","31","220792","The Expanse Board Game","8.552","6","True","False","False","False","False","Owned","2-4","2.8036","7.16649","","","https://boardgamegeek.com/boardgame/220792"
"A","9","32","167791","Terraforming Mars","8.537","15","True","False","False","False","False","Owned","1-5","3.2722","8.33107","","","https://boardgamegeek.com/boardgame/167791"
"A","9","33","350458","Terracotta Army","8.522","1","True","False","True","False","False","Owned","1-4","3.3981","7.37607","","","https://boardgamegeek.com/boardgame/350458"
"A","9","34","270239","Moonrakers","8.507","1","False","False","False","False","False","NotOwned","1-5","2.4725","7.69466","","","https://boardgamegeek.com/boardgame/270239"
"A","9","35","262941","Dominant Species: Marine","8.492","2","True","False","False","False","False","Owned","2-4","3.6962","7.8483","","","https://boardgamegeek.com/boardgame/262941"
"A","9","36","39463","Cosmic Encounter","8.477","8","True","False","False","False","False","Owned","3-5","2.5831","7.50502","","","https://boardgamegeek.com/boardgame/39463"
"A","9","37","155821","Inis","8.462","5","True","False","True","False","False","Owned","2-4","2.9471","7.81605","","","https://boardgamegeek.com/boardgame/155821"
"A","9","38","205637","Arkham Horror: The Card Game","8.447","1","True","False","True","False","False","Owned","1-2","3.568","8.11725","","","https://boardgamegeek.com/boardgame/205637"
"A","9","39","295293","The Thing: The Boardgame","8.432","1","True","False","True","False","False","Owned","1-8","2.958","7.61886","","","https://boardgamegeek.com/boardgame/295293"
"A","9","40","408253","Tiny Epic Cthulhu: Deluxe Edition","8.417","1","True","False","False","False","False","Owned","1-4","3","7.2741","November 2024","","https://boardgamegeek.com/boardgame/408253"
"A","9","41","417197","Rebirth","8.403","3","True","False","False","False","False","Owned","2-4","1.9722","7.76713","September 2024","","https://boardgamegeek.com/boardgame/417197"
"A","9","42","236457","Architects of the West Kingdom","8.388","13","True","False","True","False","False","Owned","1-5","2.7629","7.70238","","","https://boardgamegeek.com/boardgame/236457"
"A","9","43","198609","Fate of the Elder Gods","8.373","1","True","False","False","False","False","Owned","1-4","2.8276","7.21527","","","https://boardgamegeek.com/boardgame/198609"
"A","9","44","138161","Firefly: The Game","8.358","3","True","False","False","False","False","Owned","1-4","2.9542","7.38143","","","https://boardgamegeek.com/boardgame/138161"
"A","9","45","62219","Dominant Species","8.343","1","True","False","False","False","True","OwnedToExit","2-6","4.0447","7.80192","","","https://boardgamegeek.com/boardgame/62219"
"A","9","46","146021","Eldritch Horror","8.328","1","True","False","True","False","False","Owned","1-8","3.3168","7.7437","","","https://boardgamegeek.com/boardgame/146021"
"A","9","47","328871","Terraforming Mars: Ares Expedition","8.313","3","True","False","True","False","False","Owned","1-4","2.9273","7.6299","","","https://boardgamegeek.com/boardgame/328871"
"A","9","48","319966","The King Is Dead: Second Edition","8.298","2","True","False","True","False","False","Owned","2-4","2.1686","7.58383","","","https://boardgamegeek.com/boardgame/319966"
"A","9","49","312251","Curious Cargo","8.283","2","True","False","True","False","False","Owned","2","3.2035","6.9779","","","https://boardgamegeek.com/boardgame/312251"
"A","9","50","329148","Hunted: Wode Ridge","8.268","1","True","False","True","False","False","Owned","1-2","1.8","7.00186","","","https://boardgamegeek.com/boardgame/329148"
"A","9","51","289565","Hunted: Mining Colony 415","8.253","4","True","False","False","False","False","Owned","1-2","1.8182","6.8847","","","https://boardgamegeek.com/boardgame/289565"
"A","9","52","169786","Scythe","8.239","7","True","False","False","False","False","Owned","1-5","3.452","8.09513","","","https://boardgamegeek.com/boardgame/169786"
"A","9","53","242302","Space Base","8.224","8","True","False","False","False","False","Owned","2-5","2.1363","7.54034","","","https://boardgamegeek.com/boardgame/242302"
"A","9","54","326485","Cthulhu Wars: Duel","8.209","3","True","False","False","False","False","Owned","2","2.8889","6.94671","","","https://boardgamegeek.com/boardgame/326485"
"A","9","55","3076","Puerto Rico","8.194","12","True","False","False","False","False","Owned","3-5","3.2658","7.89677","","","https://boardgamegeek.com/boardgame/3076"
"A","9","56","281258","Sub Terra II: Inferno's Edge","8.179","2","True","False","True","False","False","Owned","1-6","2.1562","7.4781","Probably never delivered!","","https://boardgamegeek.com/boardgame/281258"
"A","9","57","296237","Warp's Edge","8.164","3","True","False","False","False","False","Owned","1","2.3836","7.63204","","","https://boardgamegeek.com/boardgame/296237"
"A","9","58","298572","Cosmic Encounter Duel","8.149","2","True","False","False","False","False","Owned","2","2.4545","6.53762","","","https://boardgamegeek.com/boardgame/298572"
"A","9","59","247236","Duelosaur Island","8.134","3","True","False","False","False","False","Owned","1-2","2.3803","7.01294","","","https://boardgamegeek.com/boardgame/247236"
"A","9","60","232832","Century: Golem Edition","8.119","22","True","False","False","False","False","Owned","2-5","1.7167","7.57569","","","https://boardgamegeek.com/boardgame/232832"
"A","9","61","28143","Race for the Galaxy","8.104","16","False","False","False","False","False","NotOwned","2-4","2.9933","7.73678","","","https://boardgamegeek.com/boardgame/28143"
"A","9","62","224783","Vindication","8.089","2","False","False","False","False","False","NotOwned","2-5","3.0977","7.76278","","","https://boardgamegeek.com/boardgame/224783"
"A","9","63","9609","War of the Ring","8.075","2","False","True","False","False","False","NotOwned","2-4","3.8496","7.7798","","","https://boardgamegeek.com/boardgame/9609"
"A","9","64","43111","Chaos in the Old World","8.06","1","False","False","False","False","False","NotOwned","3-4","3.1968","7.6586","","","https://boardgamegeek.com/boardgame/43111"
"A","9","65","256730","Pipeline","8.045","3","False","False","True","False","False","NotOwned","2-4","3.9055","7.53552","","","https://boardgamegeek.com/boardgame/256730"
"A","9","66","247763","Underwater Cities","8.03","2","False","False","True","False","False","NotOwned","1-4","3.5897","8.03918","","","https://boardgamegeek.com/boardgame/247763"
"A","9","67","184921","Bunny Kingdom","8.015","1","False","False","False","False","False","NotOwned","2-4","2.3043","7.40814","","","https://boardgamegeek.com/boardgame/184921"
"A","9","68","160610","Thunderbirds","8","1","False","False","True","False","False","NotOwned","1-4","2.4706","7.51657","","","https://boardgamegeek.com/boardgame/160610"
"B","8","1","266524","PARKS","7.999","2","True","False","False","False","False","Owned","1-5","2.1301","7.60849","","","https://boardgamegeek.com/boardgame/266524"
"B","8","2","331401","Dog Park","7.989","2","True","False","True","False","False","Owned","1-4","2.1618","6.86153","","","https://boardgamegeek.com/boardgame/331401"
"B","8","3","173346","7 Wonders Duel","7.979","1","True","False","False","False","False","Owned","2","2.2269","8.07438","","","https://boardgamegeek.com/boardgame/173346"
"B","8","4","54043","Jaipur","7.969","18","True","False","False","False","False","Owned","2","1.4633","7.47841","","","https://boardgamegeek.com/boardgame/54043"
"B","8","5","340466","Unfathomable","7.959","1","True","False","False","False","True","OwnedToExit","3-6","3.1244","7.46425","","","https://boardgamegeek.com/boardgame/340466"
"B","8","6","286160","Godspeed","7.949","2","True","False","True","False","False","Owned","2-5","2.75","6.99201","","","https://boardgamegeek.com/boardgame/286160"
"B","8","7","10630","Memoir '44","7.938","22","True","False","True","False","False","Owned","2-4","2.2724","7.5279","","","https://boardgamegeek.com/boardgame/10630"
"B","8","8","247143","Senshi","7.928","9","True","False","False","False","False","Owned","2-4","1.8333","6.1336","","","https://boardgamegeek.com/boardgame/247143"
"B","8","9","276997","X-ODUS: Rise of the Corruption","7.918","1","True","False","False","False","False","Owned","1-4","3.3269","7.67872","","","https://boardgamegeek.com/boardgame/276997"
"B","8","10","265017","Tortuga 2199","7.908","3","False","False","False","False","True","OwnedToExit","2-4","2.5849","7.07405","","","https://boardgamegeek.com/boardgame/265017"
"B","8","11","226320","My Little Scythe","7.898","8","True","False","False","False","False","Owned","1-6","2.0146","7.19421","","","https://boardgamegeek.com/boardgame/226320"
"B","8","12","226631","War of the Worlds: The New Wave","7.888","1","True","False","True","False","False","Owned","2","2.2083","7.02455","","","https://boardgamegeek.com/boardgame/226631"
"B","8","13","258779","Planet Unknown","7.878","10","True","False","True","False","False","Owned","1-6","2.2521","7.75547","","","https://boardgamegeek.com/boardgame/258779"
"B","8","14","291453","SCOUT","7.868","8","True","False","False","False","False","Owned","2-5","1.3967","7.77382","","","https://boardgamegeek.com/boardgame/291453"
"B","8","15","163412","Patchwork","7.858","7","True","False","False","False","False","Owned","2","1.5999","7.57635","","","https://boardgamegeek.com/boardgame/163412"
"B","8","16","133848","Euphoria: Build a Better Dystopia","7.848","6","True","False","False","False","False","Owned","2-6","3.1109","7.15817","","","https://boardgamegeek.com/boardgame/133848"
"B","8","17","221194","Dinosaur Island","7.838","5","True","False","False","False","False","Owned","1-4","3.0467","7.52172","","","https://boardgamegeek.com/boardgame/221194"
"B","8","18","361545","Twilight Inscription","7.827","5","True","False","True","False","False","Owned","1-8","3.2263","7.39961","","","https://boardgamegeek.com/boardgame/361545"
"B","8","19","242574","Century: Eastern Wonders","7.817","4","True","False","False","False","False","Owned","2-4","2.1081","7.09698","","","https://boardgamegeek.com/boardgame/242574"
"B","8","20","289566","Hunted: Kobayashi Tower","7.807","4","True","False","False","False","False","Owned","1-2","2","6.83333","","","https://boardgamegeek.com/boardgame/289566"
"B","8","21","299178","Small Railroad Empires","7.797","4","True","False","False","False","False","Owned","1-4","2.3","6.5487","","","https://boardgamegeek.com/boardgame/299178"
"B","8","22","163967","Tiny Epic Galaxies","7.787","4","True","False","False","False","False","Owned","1-5","2.1536","7.31735","","","https://boardgamegeek.com/boardgame/163967"
"B","8","23","366495","Undaunted: Battle of Britain","7.777","6","True","False","False","False","False","Owned","2","2.7647","7.85917","","","https://boardgamegeek.com/boardgame/366495"
"B","8","24","248490","Atlantis Rising (Second Edition)","7.767","3","True","False","False","False","False","Owned","1-7","2.4726","7.4736","","","https://boardgamegeek.com/boardgame/248490"
"B","8","25","264052","Circadians: First Light","7.757","3","True","False","False","False","False","Owned","1-4","3.3684","7.51118","","","https://boardgamegeek.com/boardgame/264052"
"B","8","26","183571","Deep Space D-6","7.747","3","True","False","False","False","False","Owned","1","1.6639","7.13331","","","https://boardgamegeek.com/boardgame/183571"
"B","8","27","317859","Forests of Pangaia","7.737","3","True","False","False","False","False","Owned","1-4","2.3617","7.24481","","","https://boardgamegeek.com/boardgame/317859"
"B","8","28","242684","Reavers of Midgard","7.727","3","True","False","True","False","False","Owned","2-4","2.934","7.32047","","","https://boardgamegeek.com/boardgame/242684"
"B","8","29","307002","Regicide","7.716","3","True","False","False","False","False","Owned","1-4","1.9736","7.39046","","","https://boardgamegeek.com/boardgame/307002"
"B","8","30","298231","Skyrise","7.706","3","True","False","False","False","False","Owned","2-4","2.2474","7.66281","","","https://boardgamegeek.com/boardgame/298231"
"B","8","31","284616","Small Samurai Empires","7.696","3","True","False","False","False","False","Owned","2-4","2.75","7.52983","","","https://boardgamegeek.com/boardgame/284616"
"B","8","32","142079","Space Cadets: Dice Duel","7.686","3","True","False","True","False","False","Owned","4-8","2.0865","6.73071","","","https://boardgamegeek.com/boardgame/142079"
"B","8","33","324856","The Crew: Mission Deep Sea","7.676","3","True","False","False","False","False","Owned","2-5","2.0558","8.03882","","","https://boardgamegeek.com/boardgame/324856"
"B","8","34","274364","Watergate","7.666","3","True","False","False","False","False","Owned","2","2.298","7.70318","","","https://boardgamegeek.com/boardgame/274364"
"B","8","35","231581","AuZtralia","7.656","2","True","False","True","False","False","Owned","1-4","2.8878","7.32889","","","https://boardgamegeek.com/boardgame/231581"
"B","8","36","356768","Bloc by Bloc: Uprising","7.646","2","True","False","True","False","False","Owned","1-4","2.5789","7.23369","","","https://boardgamegeek.com/boardgame/356768"
"B","8","37","317457","Dinosaur World","7.636","2","True","False","True","False","False","Owned","2-4","3.2733","7.30618","","","https://boardgamegeek.com/boardgame/317457"
"B","8","38","316554","Dune: Imperium","7.626","2","True","False","True","False","False","Owned","1-4","3.0783","8.40603","Need more plays to see if its a keeper","","https://boardgamegeek.com/boardgame/316554"
"B","8","39","315727","Last Light","7.616","2","True","False","False","False","False","Owned","2-4","2.7778","7.31976","","","https://boardgamegeek.com/boardgame/315727"
"B","8","40","340865","Lords of Ragnarok","7.605","2","True","False","True","False","False","Owned","1-4","3.8194","7.26738","","","https://boardgamegeek.com/boardgame/340865"
"B","8","41","306881","Railroad Ink Challenge: Lush Green Edition","7.595","2","True","False","False","False","False","Owned","1-4","2.1081","7.55603","","","https://boardgamegeek.com/boardgame/306881"
"B","8","42","347117","Star Trek: Missions","7.585","2","True","False","False","False","False","Owned","2-6","2","6.74485","","","https://boardgamegeek.com/boardgame/347117"
"B","8","43","145976","Talon","7.575","2","True","False","False","False","False","Owned","2-6","2.6","7.36746","","","https://boardgamegeek.com/boardgame/145976"
"B","8","44","291508","Tiny Epic Dinosaurs","7.565","2","True","False","False","False","False","Owned","1-4","2.6452","7.27667","","","https://boardgamegeek.com/boardgame/291508"
"B","8","45","268864","Undaunted: Normandy","7.555","2","True","False","True","False","False","Owned","2","2.2727","7.75956","","","https://boardgamegeek.com/boardgame/268864"
"B","8","46","230244","Black Angel","7.545","1","True","False","True","False","False","Owned","1-4","3.8677","7.17902","","","https://boardgamegeek.com/boardgame/230244"
"B","8","47","318009","Dinosaur Island: Rawr 'n Write","7.535","1","True","False","False","False","False","Owned","1-4","2.8512","7.64705","","","https://boardgamegeek.com/boardgame/318009"
"B","8","48","283355","Dune","7.525","1","True","False","True","False","False","Owned","2-6","3.9749","7.9111","","","https://boardgamegeek.com/boardgame/283355"
"B","8","49","252752","Genotype: A Mendelian Genetics Game","7.515","1","True","False","True","False","False","Owned","1-5","2.7778","7.40084","","","https://boardgamegeek.com/boardgame/252752"
"B","8","50","318184","Imperium: Classics","7.505","1","True","False","False","False","False","Owned","1-4","3.6256","7.6801","","","https://boardgamegeek.com/boardgame/318184"
"B","8","51","368173","Let's Go! To Japan","7.494","1","True","False","False","False","False","Owned","1-4","2.2609","7.55973","","","https://boardgamegeek.com/boardgame/368173"
"B","8","52","59959","Letters from Whitechapel","7.484","1","True","False","False","False","False","Owned","2-6","2.6398","7.3291","","","https://boardgamegeek.com/boardgame/59959"
"B","8","53","358386","Moon","7.474","1","True","False","False","False","False","Owned","1-5","2.5","7.27712","","","https://boardgamegeek.com/boardgame/358386"
"B","8","54","325941","Nemo's War: The Ultimate Edition","7.464","1","True","False","False","False","False","Owned","1-4","3.2414","8.19333","","","https://boardgamegeek.com/boardgame/325941"
"B","8","55","331979","Quartermaster General WW2: 2nd Edition","7.454","1","True","False","True","False","False","Owned","2-6","2.5909","7.70412","","","https://boardgamegeek.com/boardgame/331979"
"B","8","56","255984","Sleeping Gods","7.444","1","True","False","False","False","False","Owned","1-4","3.2587","8.08026","","","https://boardgamegeek.com/boardgame/255984"
"B","8","57","123096","Space Cadets","7.434","1","True","False","True","False","False","Owned","3-6","2.7543","6.54397","","","https://boardgamegeek.com/boardgame/123096"
"B","8","58","345542","Stellar Expedition","7.424","1","True","False","True","False","False","Owned","1-4","3","7.33026","","","https://boardgamegeek.com/boardgame/345542"
"B","8","59","292375","The Great Wall","7.414","3","True","False","False","False","False","Owned","1-4","3.9069","7.78182","","","https://boardgamegeek.com/boardgame/292375"
"B","8","60","279537","The Search for Planet X","7.404","1","True","False","True","False","False","Owned","1-4","2.4258","7.88909","","","https://boardgamegeek.com/boardgame/279537"
"B","8","61","285826","Ultra Tiny Epic Galaxies","7.394","1","True","False","False","False","False","Owned","1-5","2.1875","7.30369","","","https://boardgamegeek.com/boardgame/285826"
"B","8","62","306735","Under Falling Skies","7.383","1","True","False","False","False","False","Owned","1","2.3904","7.58809","","","https://boardgamegeek.com/boardgame/306735"
"B","8","63","233867","Welcome To...","7.373","4","True","False","False","False","False","Owned","1-100","1.8428","7.50392","","","https://boardgamegeek.com/boardgame/233867"
"B","8","64","48726","Alien Frontiers","7.363","3","True","False","False","False","False","Owned","2-4","2.5644","7.33635","","","https://boardgamegeek.com/boardgame/48726"
"B","8","65","205597","Jump Drive","7.353","19","True","False","False","False","False","Owned","2-4","2.0154","6.99615","","","https://boardgamegeek.com/boardgame/205597"
"B","8","66","822","Carcassonne","7.343","10","True","False","False","False","False","Owned","2-5","1.8839","7.41674","","","https://boardgamegeek.com/boardgame/822"
"B","8","67","270673","Silver & Gold","7.333","4","True","False","False","False","False","Owned","2-4","1.2143","7.1552","","","https://boardgamegeek.com/boardgame/270673"
"B","8","68","123260","Suburbia","7.323","1","True","False","True","False","False","Owned","1-4","2.7559","7.45218","","","https://boardgamegeek.com/boardgame/123260"
"B","8","69","100423","Elder Sign","7.313","6","True","False","False","False","False","Owned","1-8","2.3425","6.96759","","","https://boardgamegeek.com/boardgame/100423"
"B","8","70","140934","Arboretum","7.303","6","True","False","False","False","False","Owned","2-4","2.1133","7.24033","","","https://boardgamegeek.com/boardgame/140934"
"B","8","71","171273","FUSE","7.293","3","True","False","False","False","False","Owned","1-5","1.6647","6.98022","","","https://boardgamegeek.com/boardgame/171273"
"B","8","72","110277","Among the Stars","7.283","1","True","False","True","False","False","Owned","2-4","2.2377","7.00499","","","https://boardgamegeek.com/boardgame/110277"
"B","8","73","139976","Cthulhu Wars","7.272","1","True","False","True","False","False","Owned","2-4","3.1452","7.83204","","","https://boardgamegeek.com/boardgame/139976"
"B","8","74","343900","Senjutsu: Battle For Japan","7.262","1","True","False","False","False","False","Owned","1-4","2.9211","7.18833","","","https://boardgamegeek.com/boardgame/343900"
"B","8","75","255674","Imhotep: The Duel","7.252","2","True","False","False","False","False","Owned","2","1.9444","7.04273","","","https://boardgamegeek.com/boardgame/255674"
"B","8","76","209685","Century: Spice Road","7.242","15","True","False","False","False","False","Owned","2-5","1.804","7.28675","","","https://boardgamegeek.com/boardgame/209685"
"B","8","77","232524","Welcome to Dino World","7.232","2","True","False","False","False","False","Owned","2-75","2.375","6.71487","","","https://boardgamegeek.com/boardgame/232524"
"B","8","78","4396","Odin's Ravens","7.222","1","True","False","False","False","False","Owned","2","1.681","6.64579","","","https://boardgamegeek.com/boardgame/4396"
"B","8","79","256669","Scorpius Freighter","7.212","2","False","False","False","False","False","NotOwned","2-4","2.375","6.89123","","","https://boardgamegeek.com/boardgame/256669"
"B","8","80","192291","Sushi Go Party!","7.202","2","False","False","False","False","False","NotOwned","2-8","1.3248","7.37266","","","https://boardgamegeek.com/boardgame/192291"
"B","8","81","28086","Age of War","7.192","1","False","False","False","False","False","NotOwned","2-6","1.1527","6.43802","","","https://boardgamegeek.com/boardgame/28086"
"B","8","82","287954","Azul: Summer Pavilion","7.182","1","False","False","False","False","False","NotOwned","2-4","2.0738","7.567","","","https://boardgamegeek.com/boardgame/287954"
"B","8","83","110327","Lords of Waterdeep","7.172","1","False","False","False","False","False","NotOwned","2-5","2.449","7.72987","","","https://boardgamegeek.com/boardgame/110327"
"B","8","84","312484","Lost Ruins of Arnak","7.161","1","False","False","False","False","False","NotOwned","1-4","2.9313","8.08242","","","https://boardgamegeek.com/boardgame/312484"
"B","8","85","281152","On the Underground: London / Berlin","7.151","1","False","False","False","False","False","NotOwned","2-5","2.3158","7.20485","","","https://boardgamegeek.com/boardgame/281152"
"B","8","86","180040","Villages of Valeria","7.141","1","False","False","False","False","False","NotOwned","1-5","2.3103","6.9661","","","https://boardgamegeek.com/boardgame/180040"
"B","8","87","163602","XCOM: The Board Game","7.131","1","False","True","False","False","False","NotOwned","1-4","2.9121","6.97629","","","https://boardgamegeek.com/boardgame/163602"
"B","8","88","189660","XenoShyft: Dreadmire","7.121","2","False","True","False","False","False","NotOwned","1-4","2.6857","7.12438","","","https://boardgamegeek.com/boardgame/189660"
"B","8","89","256382","Disney Villainous: The Worst Takes it All","7.111","5","False","True","False","False","False","NotOwned","2-6","2.4818","6.90983","","","https://boardgamegeek.com/boardgame/256382"
"B","8","90","68448","7 Wonders","7.101","9","False","False","False","False","False","NotOwned","2-7","2.3144","7.66257","","","https://boardgamegeek.com/boardgame/68448"
"B","8","91","205716","New Angeles","7.091","1","False","False","False","False","False","NotOwned","4-6","3.2212","7.05075","","","https://boardgamegeek.com/boardgame/205716"
"B","8","92","120677","Terra Mystica","7.081","8","False","False","False","False","False","NotOwned","2-5","3.9721","8.03315","","","https://boardgamegeek.com/boardgame/120677"
"B","8","93","267370","Cities: Skylines – The Board Game","7.071","2","False","True","False","False","False","NotOwned","1-4","2.4032","6.50508","","","https://boardgamegeek.com/boardgame/267370"
"B","8","94","290359","Undaunted: North Africa","7.061","2","True","False","False","False","False","Owned","2","2.3519","7.74002","","","https://boardgamegeek.com/boardgame/290359"
"B","8","95","185343","Anachrony","7.05","1","False","False","False","False","False","NotOwned","1-4","3.9983","8.0419","","","https://boardgamegeek.com/boardgame/185343"
"B","8","96","254632","Hyperspace","7.04","2","False","False","True","False","False","NotOwned","2-6","3.25","5.73988","Backed in 2018! ⚠️ Who the F knows!","","https://boardgamegeek.com/boardgame/254632"
"B","8","97","146910","Wildcatters","7.03","1","False","False","False","False","False","NotOwned","2-4","3.9787","7.59328","","","https://boardgamegeek.com/boardgame/146910"
"B","8","98","6249","Alhambra","7.02","3","False","False","False","False","False","NotOwned","2-6","2.0974","7.03565","","","https://boardgamegeek.com/boardgame/6249"
"B","8","99","366013","Heat: Pedal to the Metal","7.01","2","False","False","False","False","False","NotOwned","1-6","2.2023","7.99698","","","https://boardgamegeek.com/boardgame/366013"
"B","8","100","144733","Russian Railroads","7","2","False","False","False","False","False","NotOwned","2-4","3.3961","7.72205","","","https://boardgamegeek.com/boardgame/144733"
"C","7","1","230253","Star Realms: Frontiers","6.999","4","True","False","False","False","False","Owned","1-4","1.875","7.90406","","","https://boardgamegeek.com/boardgame/230253"
"C","7","2","223040","Fantasy Realms","6.989","15","True","False","False","False","False","Owned","2-6","1.8213","7.49681","","","https://boardgamegeek.com/boardgame/223040"
"C","7","3","194594","Dice Forge","6.98","3","True","False","False","False","False","Owned","2-4","1.9724","7.21277","","","https://boardgamegeek.com/boardgame/194594"
"C","7","4","193037","Dead of Winter: The Long Night","6.97","2","False","True","False","False","False","NotOwned","2-5","3.3333","7.50362","","","https://boardgamegeek.com/boardgame/193037"
"C","7","5","54","Tikal","6.961","1","False","False","False","False","False","NotOwned","2-4","2.7766","7.31736","","","https://boardgamegeek.com/boardgame/54"
"C","7","6","170216","Blood Rage","6.951","3","False","True","False","False","False","NotOwned","2-4","2.8818","7.89827","","","https://boardgamegeek.com/boardgame/170216"
"C","7","7","269210","Twice as Clever!","6.942","4","True","False","False","False","False","Owned","1-4","2.2775","7.4101","","","https://boardgamegeek.com/boardgame/269210"
"C","7","8","205059","Mansions of Madness: Second Edition","6.932","1","True","False","False","False","True","OwnedToExit","1-5","2.6916","7.91184","","","https://boardgamegeek.com/boardgame/205059"
"C","7","9","68425","Eminent Domain","6.923","10","True","False","False","False","False","Owned","2-4","2.5099","6.95829","","","https://boardgamegeek.com/boardgame/68425"
"C","7","10","146652","Legendary Encounters: An Alien Deck Building Game","6.913","2","True","False","False","False","False","Owned","1-5","2.7078","7.75174","","","https://boardgamegeek.com/boardgame/146652"
"C","7","11","177639","Raptor","6.904","2","True","False","False","False","False","Owned","2","2.0783","7.20824","","","https://boardgamegeek.com/boardgame/177639"
"C","7","12","34635","Stone Age","6.894","2","False","False","False","False","False","NotOwned","2-4","2.4559","7.51084","","","https://boardgamegeek.com/boardgame/34635"
"C","7","13","283095","Cosmic Colonies","6.885","1","True","False","True","False","True","OwnedToExit","1-5","2.0625","6.90382","","","https://boardgamegeek.com/boardgame/283095"
"C","7","14","224517","Brass: Birmingham","6.875","1","False","False","False","False","False","NotOwned","2-4","3.8607","8.56433","","","https://boardgamegeek.com/boardgame/224517"
"C","7","15","260300","Dungeon Mayhem","6.866","5","True","False","False","False","False","Owned","2-4","1.1453","6.85273","","","https://boardgamegeek.com/boardgame/260300"
"C","7","16","30549","Pandemic","6.856","2","True","False","False","False","False","Owned","2-4","2.3934","7.51062","","","https://boardgamegeek.com/boardgame/30549"
"C","7","17","62871","Zombie Dice","6.847","1","True","False","False","False","False","Owned","2-99","1.0922","6.22958","","","https://boardgamegeek.com/boardgame/62871"
"C","7","18","432","Take 5","6.837","22","True","False","False","False","False","Owned","2-10","1.1886","6.98769","","","https://boardgamegeek.com/boardgame/432"
"C","7","19","230802","Azul","6.828","19","True","False","False","False","False","Owned","2-4","1.773","7.71153","","","https://boardgamegeek.com/boardgame/230802"
"C","7","20","270314","Ohanami","6.818","13","True","False","False","False","False","Owned","2-4","1.157","7.25623","","","https://boardgamegeek.com/boardgame/270314"
"C","7","21","178044","Star Empires","6.809","8","True","False","False","False","False","Owned","2-4","2.0606","7.07221","","","https://boardgamegeek.com/boardgame/178044"
"C","7","22","133473","Sushi Go!","6.799","8","True","False","False","False","False","Owned","2-5","1.1626","6.9788","","","https://boardgamegeek.com/boardgame/133473"
"C","7","23","50","Lost Cities","6.79","7","True","False","False","False","False","Owned","2","1.475","7.26038","","","https://boardgamegeek.com/boardgame/50"
"C","7","24","181304","Mysterium","6.78","6","True","False","False","False","False","Owned","2-7","1.8904","7.18809","","","https://boardgamegeek.com/boardgame/181304"
"C","7","25","353470","Star Wars: Jabba's Palace – A Love Letter Game","6.771","6","True","False","False","False","False","Owned","2-6","1.2609","7.19233","","","https://boardgamegeek.com/boardgame/353470"
"C","7","26","131357","Coup","6.761","5","True","False","False","False","False","Owned","2-6","1.414","6.97464","","","https://boardgamegeek.com/boardgame/131357"
"C","7","27","329151","Draconic Dice","6.752","5","True","False","False","False","False","Owned","2-5","1.1429","6.27907","","","https://boardgamegeek.com/boardgame/329151"
"C","7","28","264241","Mandala","6.742","6","True","False","False","False","False","Owned","2","1.7843","7.43185","","","https://boardgamegeek.com/boardgame/264241"
"C","7","29","274960","Point Salad","6.733","5","True","False","False","False","False","Owned","2-6","1.1528","7.08319","","","https://boardgamegeek.com/boardgame/274960"
"C","7","30","129622","Love Letter","6.723","3","True","False","False","False","False","Owned","2-4","1.1843","7.22614","","","https://boardgamegeek.com/boardgame/129622"
"C","7","31","313841","Lunar Base","6.714","3","True","False","False","False","False","Owned","2-6","2.0476","7.11885","","","https://boardgamegeek.com/boardgame/313841"
"C","7","32","284083","The Crew: The Quest for Planet Nine","6.704","3","True","False","False","False","False","Owned","2-5","1.9685","7.75007","","","https://boardgamegeek.com/boardgame/284083"
"C","7","33","300442","Trekking the World","6.695","3","True","False","False","False","False","Owned","2-5","1.8947","7.0249","","","https://boardgamegeek.com/boardgame/300442"
"C","7","34","247367","Air, Land, & Sea","6.685","2","True","False","False","False","False","Owned","2","1.7363","7.4353","","","https://boardgamegeek.com/boardgame/247367"
"C","7","35","284653","Mind MGMT: The Psychic Espionage “Game.”","6.676","2","True","False","True","False","False","Owned","1-5","2.8931","7.77269","","","https://boardgamegeek.com/boardgame/284653"
"C","7","36","159473","Quartermaster General","6.666","2","True","False","False","False","False","Owned","2-6","2.2893","7.2448","","","https://boardgamegeek.com/boardgame/159473"
"C","7","37","232043","Queendomino","6.656","2","True","False","False","False","False","Owned","2-4","2.0645","7.13209","","","https://boardgamegeek.com/boardgame/232043"
"C","7","38","274037","Solar Storm","6.647","2","True","False","False","False","False","Owned","1-4","2.0667","6.94361","","","https://boardgamegeek.com/boardgame/274037"
"C","7","39","279720","Streets","6.637","2","True","False","False","False","False","Owned","1-5","1.9825","6.56095","","","https://boardgamegeek.com/boardgame/279720"
"C","7","40","256852","Aliens: Another Glorious Day in the Corps","6.628","2","True","False","True","False","False","Owned","1-6","2.8378","7.424","","","https://boardgamegeek.com/boardgame/256852"
"C","7","41","347521","Blitzkrieg!: World War Two in 20 Minutes (Second Edition)","6.618","1","True","False","False","False","False","Owned","1-2","1.72","7.50737","","","https://boardgamegeek.com/boardgame/347521"
"C","7","42","170223","Centauri Saga","6.609","1","True","False","False","False","True","OwnedToExit","1-4","2.9412","6.51014","","","https://boardgamegeek.com/boardgame/170223"
"C","7","43","344839","Dog Lover","6.599","1","True","False","False","False","False","Owned","2-4","1.8438","6.69583","","","https://boardgamegeek.com/boardgame/344839"
"C","7","44","253786","Don't Mess with Cthulhu Deluxe","6.59","1","True","False","False","False","False","Owned","4-8","1.3158","7.33523","","","https://boardgamegeek.com/boardgame/253786"
"C","7","45","31481","Galaxy Trucker","6.58","1","True","False","True","False","False","Owned","2-4","2.3277","7.31929","","","https://boardgamegeek.com/boardgame/31481"
"C","7","46","278120","God of War: The Card Game","6.571","1","True","False","False","False","True","OwnedToExit","1-4","2.5172","6.53592","","","https://boardgamegeek.com/boardgame/278120"
"C","7","47","158600","Hanamikoji","6.561","1","True","False","False","False","False","Owned","2","1.6753","7.4479","","","https://boardgamegeek.com/boardgame/158600"
"C","7","48","195314","Herbaceous","6.552","1","True","False","False","False","False","Owned","1-4","1.2222","6.98341","","","https://boardgamegeek.com/boardgame/195314"
"C","7","49","8203","Hey, That's My Fish!","6.542","1","True","False","False","False","False","Owned","2-4","1.4447","6.69811","","","https://boardgamegeek.com/boardgame/8203"
"C","7","50","369258","Isle of Skye: Big Box","6.533","1","True","False","False","False","False","Owned","2-5","2.1111","7.9163","","","https://boardgamegeek.com/boardgame/369258"
"C","7","51","272738","Jaws","6.523","1","True","False","False","False","False","Owned","2-4","2.1778","7.06122","","","https://boardgamegeek.com/boardgame/272738"
"C","7","52","297562","Kemet: Blood and Sand","6.514","1","True","False","False","False","False","Owned","2-5","3.1965","7.90172","","","https://boardgamegeek.com/boardgame/297562"
"C","7","53","379629","Knarr","6.504","1","True","False","False","False","False","Owned","2-4","1.913","7.47042","","","https://boardgamegeek.com/boardgame/379629"
"C","7","54","264141","Kodachi","6.495","1","True","False","False","False","True","OwnedToExit","2-4","1.8261","7.28895","","","https://boardgamegeek.com/boardgame/264141"
"C","7","55","267401","Lawyer Up","6.485","1","True","False","True","False","False","Owned","1-2","2.6486","6.81642","","","https://boardgamegeek.com/boardgame/267401"
"C","7","56","192638","Multiuniversum","6.476","1","True","False","False","False","False","Owned","1-5","1.8864","6.50309","","","https://boardgamegeek.com/boardgame/192638"
"C","7","57","194879","Not Alone","6.466","1","True","False","True","False","False","Owned","2-7","2.0038","6.95336","","","https://boardgamegeek.com/boardgame/194879"
"C","7","58","256713","One Deck Galaxy","6.457","1","True","False","False","False","False","Owned","1-2","3.3171","6.79396","","","https://boardgamegeek.com/boardgame/256713"
"C","7","59","192153","Reign of Cthulhu","6.447","1","True","False","True","False","False","Owned","2-4","2.1709","7.35464","","","https://boardgamegeek.com/boardgame/192153"
"C","7","60","38453","Space Alert","6.438","1","True","False","False","False","False","Owned","1-5","2.9699","7.3754","","","https://boardgamegeek.com/boardgame/38453"
"C","7","61","296108","Terraforming Mars: The Dice Game","6.428","1","True","False","False","False","False","Owned","1-4","2.4041","7.29212","","","https://boardgamegeek.com/boardgame/296108"
"C","7","62","253284","Ticket to Ride: New York","6.419","1","True","False","False","False","False","Owned","2-4","1.2632","6.88025","","","https://boardgamegeek.com/boardgame/253284"
"C","7","63","241724","Villagers","6.409","1","True","False","False","False","False","Owned","1-5","2.2246","7.09487","","","https://boardgamegeek.com/boardgame/241724"
"C","7","64","362944","War of the Ring: The Card Game","6.4","1","True","False","True","False","False","Owned","2-4","2.9755","7.59354","","","https://boardgamegeek.com/boardgame/362944"
"C","7","65","223779","Pocket Mars","6.39","6","True","False","False","False","False","Owned","1-4","2.3467","6.41848","","","https://boardgamegeek.com/boardgame/223779"
"C","7","66","220700","Cobra Paw","6.381","1","True","False","False","False","False","Owned","2-6","1","6.27161","","","https://boardgamegeek.com/boardgame/220700"
"C","7","67","156009","Port Royal","6.371","1","True","False","False","False","False","Owned","2-5","1.6333","7.10069","","","https://boardgamegeek.com/boardgame/156009"
"C","7","68","14996","Ticket to Ride: Europe","6.362","1","True","False","False","False","False","Owned","2-5","1.9148","7.52266","","","https://boardgamegeek.com/boardgame/14996"
"C","7","69","179275","One Deck Dungeon","6.352","1","True","False","False","False","False","Owned","1-2","2.092","6.93507","","","https://boardgamegeek.com/boardgame/179275"
"C","7","70","147299","Pocket Imperium","6.343","1","True","False","False","False","False","Owned","2-4","1.9459","6.18157","","","https://boardgamegeek.com/boardgame/147299"
"C","7","71","172","For Sale","6.333","11","False","False","False","False","False","NotOwned","3-6","1.25","7.26586","","","https://boardgamegeek.com/boardgame/172"
"C","7","72","107529","Kingdom Builder","6.323","7","False","False","False","False","False","NotOwned","2-4","2.071","6.93238","","","https://boardgamegeek.com/boardgame/107529"
"C","7","73","245654","Railroad Ink: Deep Blue Edition","6.314","6","False","False","False","False","False","NotOwned","1-6","1.4686","7.14422","","","https://boardgamegeek.com/boardgame/245654"
"C","7","74","271324","It's a Wonderful World","6.304","4","False","False","False","False","False","NotOwned","1-5","2.3247","7.62726","","","https://boardgamegeek.com/boardgame/271324"
"C","7","75","166857","Antike II","6.295","3","False","False","False","False","False","NotOwned","3-6","2.8723","7.43605","","","https://boardgamegeek.com/boardgame/166857"
"C","7","76","251830","Alhambra: Mega Box","6.285","2","False","False","False","False","False","NotOwned","2-6","2.5","8.00447","","","https://boardgamegeek.com/boardgame/251830"
"C","7","77","69789","Ascension: Deckbuilding Game","6.276","2","False","True","False","False","False","NotOwned","1-4","2.1371","7.04481","","","https://boardgamegeek.com/boardgame/69789"
"C","7","78","98778","Hanabi","6.266","2","False","False","False","False","False","NotOwned","2-5","1.6901","7.02892","","","https://boardgamegeek.com/boardgame/98778"
"C","7","79","210274","Petrichor","6.257","2","False","False","False","False","False","NotOwned","1-4","3.0505","6.87887","","","https://boardgamegeek.com/boardgame/210274"
"C","7","80","183006","Qwinto","6.247","2","False","False","False","False","False","NotOwned","2-6","1.3101","6.91434","","","https://boardgamegeek.com/boardgame/183006"
"C","7","81","254713","The Artemis Project","6.238","2","False","False","False","False","False","NotOwned","1-5","2.8526","7.20153","","","https://boardgamegeek.com/boardgame/254713"
"C","7","82","189932","Tyrants of the Underdark","6.228","2","False","False","False","False","False","NotOwned","2-4","2.5429","7.91408","","","https://boardgamegeek.com/boardgame/189932"
"C","7","83","213893","Yamataï","6.219","2","False","False","False","False","False","NotOwned","2-4","2.9679","7.16607","","","https://boardgamegeek.com/boardgame/213893"
"C","7","84","283393","Aquatica","6.209","1","False","False","False","False","False","NotOwned","1-4","2.3155","7.35379","","","https://boardgamegeek.com/boardgame/283393"
"C","7","85","143515","Coal Baron","6.2","1","False","False","False","False","False","NotOwned","2-4","2.5372","7.26318","","","https://boardgamegeek.com/boardgame/143515"
"C","7","86","169654","Deep Sea Adventure","6.19","1","False","False","False","False","False","NotOwned","2-6","1.1846","6.86766","","","https://boardgamegeek.com/boardgame/169654"
"C","7","87","158435","Dogs of War","6.181","1","False","False","False","False","False","NotOwned","3-5","2.6336","7.52243","","","https://boardgamegeek.com/boardgame/158435"
"C","7","88","193738","Great Western Trail","6.171","1","False","False","False","False","False","NotOwned","2-4","3.6941","8.14915","","","https://boardgamegeek.com/boardgame/193738"
"C","7","89","275034","Judge Dredd: Helter Skelter","6.162","1","False","False","False","False","False","NotOwned","2-4","2.1053","7.27242","","","https://boardgamegeek.com/boardgame/275034"
"C","7","90","139030","Mascarade","6.152","1","False","False","False","False","False","NotOwned","2-13","1.5273","6.54862","","","https://boardgamegeek.com/boardgame/139030"
"C","7","91","66589","Navegador","6.143","1","False","False","False","False","False","NotOwned","2-5","3.0819","7.52796","","","https://boardgamegeek.com/boardgame/66589"
"C","7","92","300877","New York Zoo","6.133","1","False","False","False","False","False","NotOwned","1-5","1.9673","7.003","","","https://boardgamegeek.com/boardgame/300877"
"C","7","93","329082","Radlands","6.124","1","False","False","False","False","False","NotOwned","2","2.2663","7.74333","","","https://boardgamegeek.com/boardgame/329082"
"C","7","94","237182","Root","6.114","1","False","False","False","False","False","NotOwned","2-4","3.8404","8.07123","","","https://boardgamegeek.com/boardgame/237182"
"C","7","95","159503","The Captain Is Dead","6.105","1","False","False","False","False","False","NotOwned","2-7","2.398","7.05044","","","https://boardgamegeek.com/boardgame/159503"
"C","7","96","276894","Ticket to Ride: London","6.095","1","False","False","False","False","False","NotOwned","2-4","1.3478","7.0452","","","https://boardgamegeek.com/boardgame/276894"
"C","7","97","128621","Viticulture","6.086","1","False","False","False","False","False","NotOwned","2-6","2.9527","7.47336","","","https://boardgamegeek.com/boardgame/128621"
"C","7","98","266192","Wingspan","6.076","1","False","False","False","False","False","NotOwned","1-5","2.4799","7.9993","","","https://boardgamegeek.com/boardgame/266192"
"C","7","99","184151","Legend of the Five Rings: The Card Game","6.067","1","False","True","False","False","False","NotOwned","2","4.0144","7.34238","","","https://boardgamegeek.com/boardgame/184151"
"C","7","100","368017","Point City","6.057","0","True","False","False","False","False","Owned","1-4","1.6875","7.12798","","","https://boardgamegeek.com/boardgame/368017"
"C","7","101","41","Can't Stop","6.048","7","False","False","False","False","False","NotOwned","2-4","1.1431","6.94577","","","https://boardgamegeek.com/boardgame/41"
"C","7","102","263918","Cartographers","6.038","1","False","False","False","False","False","NotOwned","1-100","1.8891","7.55418","","","https://boardgamegeek.com/boardgame/263918"
"C","7","103","407180","Ganz schön clever: Deluxe","6.029","1","False","False","False","False","False","NotOwned","1-4","2.4","7.86946","","","https://boardgamegeek.com/boardgame/407180"
"C","7","104","63975","Mountain Goats","6.019","1","False","False","False","False","False","NotOwned","2-4","1.211","6.83566","","","https://boardgamegeek.com/boardgame/63975"
"C","7","105","73439","Troyes","6.01","1","False","False","False","False","False","NotOwned","1-4","3.374","7.70281","","","https://boardgamegeek.com/boardgame/73439"
"C","7","106","27588","Zooloretto","6","1","False","False","False","False","False","NotOwned","2-5","1.857","6.78377","","","https://boardgamegeek.com/boardgame/27588"
"D","6","1","278553","Silver","5.999","1","False","True","False","False","False","NotOwned","2-4","1.7778","7.03822","","","https://boardgamegeek.com/boardgame/278553"
"D","6","2","13","Catan","5.985","0","False","True","False","False","False","NotOwned","3-4","2.2826","7.09086","","","https://boardgamegeek.com/boardgame/13"
"D","6","3","118048","Targi","5.97","10","True","False","False","False","False","Owned","2","2.3423","7.5847","","","https://boardgamegeek.com/boardgame/118048"
"D","6","4","12942","No Thanks!","5.956","7","True","False","False","False","False","Owned","3-7","1.1291","7.08078","","","https://boardgamegeek.com/boardgame/12942"
"D","6","5","200077","Mint Works","5.941","3","True","False","False","False","False","Owned","1-4","1.7308","6.88261","","","https://boardgamegeek.com/boardgame/200077"
"D","6","6","11971","Cockroach Poker","5.927","6","True","False","False","False","False","Owned","2-6","1.0961","6.7975","","","https://boardgamegeek.com/boardgame/11971"
"D","6","7","147020","Star Realms","5.912","1","True","False","False","False","False","Owned","2","1.9111","7.54948","","","https://boardgamegeek.com/boardgame/147020"
"D","6","8","143741","BANG! The Dice Game","5.898","5","True","False","False","False","False","Owned","3-8","1.277","6.87367","","","https://boardgamegeek.com/boardgame/143741"
"D","6","9","65244","Forbidden Island","5.883","1","True","False","False","False","False","Owned","2-4","1.739","6.75035","","","https://boardgamegeek.com/boardgame/65244"
"D","6","10","178900","Codenames","5.869","5","True","False","False","False","False","Owned","2-8","1.2525","7.52348","","","https://boardgamegeek.com/boardgame/178900"
"D","6","11","182631","Star Realms: Colony Wars","5.854","1","True","False","False","False","False","Owned","2","1.8742","7.77474","","","https://boardgamegeek.com/boardgame/182631"
"D","6","12","811","Rummikub","5.84","5","True","False","False","False","False","Owned","2-4","1.7081","6.52878","","","https://boardgamegeek.com/boardgame/811"
"D","6","13","96260","Dominant Species: The Card Game","5.825","1","False","True","False","False","False","NotOwned","2-6","1.8989","5.94496","","","https://boardgamegeek.com/boardgame/96260"
"D","6","14","303554","Winter Kingdom","5.811","4","True","False","False","False","False","Owned","2-4","2.6154","7.26312","","","https://boardgamegeek.com/boardgame/303554"
"D","6","15","269573","Dracarys Dice","5.796","1","False","False","False","False","False","NotOwned","2-5","1","5.70173","","","https://boardgamegeek.com/boardgame/269573"
"D","6","16","122298","Morels","5.782","2","True","False","False","False","False","Owned","2","1.7379","6.96618","","","https://boardgamegeek.com/boardgame/122298"
"D","6","17","337070","Arkham Noir: Case #3 – Infinite Gulfs of Darkness","5.767","1","True","False","False","False","False","Owned","1","3.0909","7.11105","","","https://boardgamegeek.com/boardgame/337070"
"D","6","18","105593","Cheating Moth","5.753","1","True","False","False","False","False","Owned","3-5","1.1611","6.39111","","","https://boardgamegeek.com/boardgame/105593"
"D","6","19","376747","Deep Dive","5.738","1","True","False","False","False","False","Owned","1-6","1.1042","6.61561","","","https://boardgamegeek.com/boardgame/376747"
"D","6","20","172225","Exploding Kittens","5.724","1","True","False","False","False","True","OwnedToExit","2-5","1.0786","6.06837","","","https://boardgamegeek.com/boardgame/172225"
"D","6","21","345088","Founders of Teotihuacan","5.709","1","True","False","True","False","False","Owned","1-4","2.85","6.81196","","","https://boardgamegeek.com/boardgame/345088"
"D","6","22","160968","Homeland: The Game","5.695","1","True","False","False","False","False","Owned","3-6","2.6531","6.48934","","","https://boardgamegeek.com/boardgame/160968"
"D","6","23","240957","Judge Dredd: The Cursed Earth","5.68","1","True","False","False","False","False","Owned","1-4","2.1667","6.38671","","","https://boardgamegeek.com/boardgame/240957"
"D","6","24","193322","Master of Orion: The Board Game","5.666","1","True","False","False","False","True","OwnedToExit","2-4","2.4384","6.89873","","","https://boardgamegeek.com/boardgame/193322"
"D","6","25","230251","Mint Delivery","5.652","1","True","False","True","False","False","Owned","1-5","1.6379","6.1537","","","https://boardgamegeek.com/boardgame/230251"
"D","6","26","309297","SCOPE Stalingrad","5.637","1","True","False","False","False","False","Owned","2-4","1.5333","6.80834","","","https://boardgamegeek.com/boardgame/309297"
"D","6","27","41114","The Resistance","5.623","1","True","False","False","False","False","Owned","5-10","1.5911","7.18632","","","https://boardgamegeek.com/boardgame/41114"
"D","6","28","234190","Unstable Unicorns","5.608","1","True","False","False","False","True","OwnedToExit","2-8","1.4685","6.22185","","","https://boardgamegeek.com/boardgame/234190"
"D","6","29","281075","Welcome to New Las Vegas","5.594","5","False","False","False","False","False","NotOwned","1-50","2.8214","6.69698","","","https://boardgamegeek.com/boardgame/281075"
"D","6","30","158899","Colt Express","5.579","4","False","False","False","False","False","NotOwned","2-6","1.8359","7.09633","","","https://boardgamegeek.com/boardgame/158899"
"D","6","31","207062","Dungeons & Dragons: Rock Paper Wizard","5.565","3","False","True","False","False","False","NotOwned","3-6","1.3226","6.53202","","","https://boardgamegeek.com/boardgame/207062"
"D","6","32","359502","Casting Shadows","5.55","2","False","False","False","False","False","NotOwned","2-4","2.2414","6.28058","","","https://boardgamegeek.com/boardgame/359502"
"D","6","33","124361","Concordia","5.536","2","False","False","False","False","False","NotOwned","2-5","2.9881","8.07693","","","https://boardgamegeek.com/boardgame/124361"
"D","6","34","256570","Crown of Emara","5.521","2","False","False","False","False","False","NotOwned","1-4","3.0481","7.34881","","","https://boardgamegeek.com/boardgame/256570"
"D","6","35","173090","The Game","5.507","2","False","True","False","False","False","NotOwned","1-5","1.2364","6.71325","","","https://boardgamegeek.com/boardgame/173090"
"D","6","36","103343","A Game of Thrones: The Board Game (Second Edition)","5.492","1","False","False","False","False","False","NotOwned","3-6","3.7348","7.52838","","","https://boardgamegeek.com/boardgame/103343"
"D","6","37","181293","Alien Artifacts","5.478","1","False","False","False","False","False","NotOwned","2-5","2.8904","6.52691","","","https://boardgamegeek.com/boardgame/181293"
"D","6","38","5420","Assassin: The Final Game","5.463","1","False","True","False","False","False","NotOwned","2-4","1.5556","4.97273","","","https://boardgamegeek.com/boardgame/5420"
"D","6","39","213266","Circle the Wagons","5.449","1","False","False","False","False","False","NotOwned","2","1.5686","7.02083","","","https://boardgamegeek.com/boardgame/213266"
"D","6","40","238972","Cogs and Commissars","5.434","1","False","False","False","False","False","NotOwned","2-6","1.6667","6.12526","","","https://boardgamegeek.com/boardgame/238972"
"D","6","41","269511","Cooper Island","5.42","1","False","False","False","False","False","NotOwned","1-4","4.16","7.5493","","","https://boardgamegeek.com/boardgame/269511"
"D","6","42","269595","Copenhagen","5.405","1","False","False","False","False","False","NotOwned","2-4","1.6923","6.9229","","","https://boardgamegeek.com/boardgame/269595"
"D","6","43","280480","Crystal Palace","5.391","1","False","False","False","False","False","NotOwned","2-5","3.7665","7.49649","","","https://boardgamegeek.com/boardgame/280480"
"D","6","44","244271","Dice Throne: Season Two – Battle Chest","5.376","1","False","False","False","False","False","NotOwned","2-6","2.1705","8.03682","","","https://boardgamegeek.com/boardgame/244271"
"D","6","45","169124","Flick 'em Up!","5.362","1","False","True","False","False","False","NotOwned","2-10","1.3462","6.83644","","","https://boardgamegeek.com/boardgame/169124"
"D","6","46","249703","Gentes: Deluxified Edition","5.347","1","False","False","False","False","False","NotOwned","1-4","3.2241","7.65619","","","https://boardgamegeek.com/boardgame/249703"
"D","6","47","134157","Guilds of London","5.333","1","False","False","False","False","False","NotOwned","1-4","3.0714","6.73391","","","https://boardgamegeek.com/boardgame/134157"
"D","6","48","134253","Hostage Negotiator","5.319","1","False","True","False","False","False","NotOwned","1","2.0585","6.77967","","","https://boardgamegeek.com/boardgame/134253"
"D","6","49","70323","King of Tokyo","5.304","1","False","True","False","False","False","NotOwned","2-6","1.4837","7.11391","","","https://boardgamegeek.com/boardgame/70323"
"D","6","50","1219","Labyrinth","5.29","1","False","False","False","False","False","NotOwned","2-4","1.3439","6.40944","","","https://boardgamegeek.com/boardgame/1219"
"D","6","51","285774","Marvel Champions: The Card Game","5.275","1","False","True","False","False","False","NotOwned","1-4","2.9589","8.10396","","","https://boardgamegeek.com/boardgame/285774"
"D","6","52","126042","Nations","5.261","1","False","False","False","False","False","NotOwned","1-5","3.54","7.58909","","","https://boardgamegeek.com/boardgame/126042"
"D","6","53","255692","New Frontiers","5.246","1","False","False","False","False","False","NotOwned","2-5","2.9612","7.38376","","","https://boardgamegeek.com/boardgame/255692"
"D","6","54","162041","Ninja Taisen","5.232","1","False","True","False","False","False","NotOwned","2","1.4783","6.30156","","","https://boardgamegeek.com/boardgame/162041"
"D","6","55","270445","Omerta","5.217","1","False","False","False","False","False","NotOwned","3-5","1.3333","7.05463","","","https://boardgamegeek.com/boardgame/270445"
"D","6","56","147949","One Night Ultimate Werewolf","5.203","1","False","False","False","False","False","NotOwned","3-10","1.3825","7.03163","","","https://boardgamegeek.com/boardgame/147949"
"D","6","57","170199","Solarius Mission","5.188","1","False","False","False","False","False","NotOwned","2-4","3.9268","7.15903","","","https://boardgamegeek.com/boardgame/170199"
"D","6","58","419143","Spectrum","5.174","1","False","False","False","False","False","NotOwned","2-8","1","7.38421","Not bad!","","https://boardgamegeek.com/boardgame/419143"
"D","6","59","244522","That's Pretty Clever!","5.159","1","False","False","False","False","False","NotOwned","1-4","1.8519","7.55004","","","https://boardgamegeek.com/boardgame/244522"
"D","6","60","204574","The Flow of History","5.145","1","False","False","False","False","False","NotOwned","2-5","2.5686","6.7154","","","https://boardgamegeek.com/boardgame/204574"
"D","6","61","257283","Tiny Epic Mechs","5.13","1","False","False","False","False","False","NotOwned","1-4","2.5741","6.66999","","","https://boardgamegeek.com/boardgame/257283"
"D","6","62","244654","Wildlands","5.116","1","False","False","False","False","False","NotOwned","2-4","2.2466","7.25474","","","https://boardgamegeek.com/boardgame/244654"
"D","6","63","115105","Kittens in a Blender","5.101","1","False","True","False","False","False","NotOwned","2-4","1.1154","5.63347","","","https://boardgamegeek.com/boardgame/115105"
"D","6","64","356123","Turing Machine","5.087","8","False","False","False","False","False","NotOwned","1-4","2.5314","7.59662","","","https://boardgamegeek.com/boardgame/356123"
"D","6","65","378848","Camel Up: The Card Game","5.072","0","True","False","False","False","False","Owned","2-6","2.0588","6.77173","","","https://boardgamegeek.com/boardgame/378848"
"D","6","66","303734","Golems","5.058","2","False","False","False","False","False","NotOwned","1-2","1.75","6.07951","","","https://boardgamegeek.com/boardgame/303734"
"D","6","67","302520","Hues and Cues","5.043","2","False","False","False","False","False","NotOwned","3-10","1.0603","6.43818","","","https://boardgamegeek.com/boardgame/302520"
"D","6","68","204583","Kingdomino","5.029","2","False","False","False","False","False","NotOwned","2-4","1.2386","7.28769","","","https://boardgamegeek.com/boardgame/204583"
"D","6","69","73761","K2","5.014","1","False","False","False","False","False","NotOwned","1-5","2.2475","6.99606","","","https://boardgamegeek.com/boardgame/73761"
"D","6","70","180974","Potion Explosion","5","1","False","False","False","False","False","NotOwned","2-4","1.7799","7.12183","","","https://boardgamegeek.com/boardgame/180974"
"F","5","1","4279","Flux","4.999","3","True","False","False","False","False","Owned","2-6","1.3846","5.45619","","","https://boardgamegeek.com/boardgame/4279"
"F","5","2","247567","D-Day Dice Pocket","4.832","1","True","False","False","False","False","Owned","1-8","1.125","6.36716","","","https://boardgamegeek.com/boardgame/247567"
"F","5","3","163170","Firefly: Shiny Dice","4.666","1","True","False","False","False","True","OwnedToExit","1-5","1.875","5.45918","","","https://boardgamegeek.com/boardgame/163170"
"F","5","4","136063","Forbidden Desert","4.499","1","True","False","False","False","False","Owned","2-5","2.0413","7.0592","","","https://boardgamegeek.com/boardgame/136063"
"F","5","5","171226","Starfighter","4.332","1","True","False","False","False","False","Owned","2","2.7742","6.65265","","","https://boardgamegeek.com/boardgame/171226"
"F","5","7","342942","Ark Nova","3.999","3","False","False","False","False","False","NotOwned","1-4","3.7963","8.54058","","","https://boardgamegeek.com/boardgame/342942"
"F","5","8","169426","Roll Player","3.833","2","False","False","False","False","False","NotOwned","1-4","2.4232","7.41879","","","https://boardgamegeek.com/boardgame/169426"
"F","5","9","292032","Funkoverse Strategy Game: Harry Potter 100","3.666","1","False","False","False","False","False","NotOwned","2-4","2.2778","6.55025","","","https://boardgamegeek.com/boardgame/292032"
"F","5","10","194607","Mystic Vale","3.499","1","False","False","False","False","False","NotOwned","2-4","2.26","7.23467","","","https://boardgamegeek.com/boardgame/194607"
"F","5","11","244711","Newton","3.333","1","False","False","False","False","False","NotOwned","1-4","3.3717","7.49874","","","https://boardgamegeek.com/boardgame/244711"
"F","5","12","269385","The Lord of the Rings: Journeys in Middle-Earth","3.166","1","False","True","False","False","False","NotOwned","1-5","2.6978","7.89162","","","https://boardgamegeek.com/boardgame/269385"
"F","5","13","381083","WitchDraft","3","1","False","False","False","False","False","NotOwned","2-5","1.8","6.69445","","","https://boardgamegeek.com/boardgame/381083"
"F","5","14","1927","Munchkin Deluxe","2.833","0","False","True","False","False","False","NotOwned","3-6","1.8177","5.87334","","","https://boardgamegeek.com/boardgame/1927"
"F","5","15","244992","The Mind","2.666","0","False","True","False","False","False","NotOwned","2-4","1.0732","6.71606","","","https://boardgamegeek.com/boardgame/244992"
"F","4","6","194626","Happy Salmon","4.166","1","True","False","False","False","False","Owned","3-8","1.0571","6.64125","","","https://boardgamegeek.com/boardgame/194626"
"F","4","16","2425","Battleship","2.5","2","False","False","False","False","False","NotOwned","2","1.1997","4.75694","","","https://boardgamegeek.com/boardgame/2425"
"F","4","17","244521","Quacks","2.333","2","False","False","False","False","False","NotOwned","2-4","1.9407","7.80441","","","https://boardgamegeek.com/boardgame/244521"
"F","4","18","280748","Escape the Dark Sector","2.166","1","False","True","False","False","False","NotOwned","1-4","2.0976","7.4767","","","https://boardgamegeek.com/boardgame/280748"
"F","4","19","150145","Skull King","2","1","False","False","False","False","False","NotOwned","2-8","1.7331","7.52731","","","https://boardgamegeek.com/boardgame/150145"
"F","3","20","40692","Small World","1.833","2","False","False","False","False","False","NotOwned","2-5","2.3468","7.19134","","","https://boardgamegeek.com/boardgame/40692"
"F","3","21","269207","The Taverns of Tiefenthal","1.666","2","False","False","False","False","False","NotOwned","2-4","2.6872","7.57294","Loads of down time for me. I think the theme did not click.","","https://boardgamegeek.com/boardgame/269207"
"F","3","22","277061","Dino Duel","1.5","1","False","True","False","False","False","NotOwned","2-10","1","6.27727","","","https://boardgamegeek.com/boardgame/277061"
"F","3","23","162886","Spirit Island","1.333","1","False","True","False","False","False","NotOwned","1-4","4.0738","8.34","","","https://boardgamegeek.com/boardgame/162886"
"F","1","24","430616","Chichén Itzá","1.167","0","False","False","False","False","False","NotOwned","2-4","2.875","7.09742","When appropriating a culture, it's good form to respect it. This game misses the mark by mixing in elements that have no place in Maya mythology, like triceratops, 4-leaf clovers, and rubies. The Maya have a rich and deeply symbolic mythology that spans thousands of years, filled with fascinating creatures and deities like the K'iche' Hero Twins, Wayob, and Camazotz. Instead, the game opts for random, misplaced symbols that feel careless and uninformed. If you're going to draw inspiration from a culture, taking the time to understand and honor it should be the minimum standard.","","https://boardgamegeek.com/boardgame/430616"
"F","1","25","329713","Dune: House Secrets","1","0","True","False","False","False","True","OwnedToExit","1-4","1.36","5.01708","","","https://boardgamegeek.com/boardgame/329713"
