"group_key","stack_rank","group_count","source_rating_bucket","target_rating_band","bgg_id","name","current_rating","proposed_rating","num_plays","players","complexity","bgg_rating","bgg_comment","notes","categories","mechanics"
"2-5","1","6","1","1.000-1.999","40692","Small World","1.833","1.999","2","2-5","2.3468","7.19134","","","System.Object[]","System.Object[]"
"2-4","2","6","1","1.000-1.999","269207","The Taverns of Tiefenthal","1.666","1.799","2","2-4","2.6872","7.57294","Loads of down time for me. I think the theme did not click.","","System.Object[]","System.Object[]"
"2-10","3","6","1","1.000-1.999","277061","Dino Duel","1.5","1.599","1","2-10","1","6.27727","","","System.Object[]","System.Object[]"
"1-4","4","6","1","1.000-1.999","162886","Spirit Island","1.333","1.4","1","1-4","4.0738","8.34","","","System.Object[]","System.Object[]"
"2-4","5","6","1","1.000-1.999","430616","Chichén Itzá","1.167","1.2","0","2-4","2.875","7.09742","When appropriating a culture, it's good form to respect it. This game misses the mark by mixing in elements that have no place in Maya mythology, like triceratops, 4-leaf clovers, and rubies. The Maya have a rich and deeply symbolic mythology that spans thousands of years, filled with fascinating creatures and deities like the K'iche' Hero Twins, Wayob, and Camazotz. Instead, the game opts for random, misplaced symbols that feel careless and uninformed. If you're going to draw inspiration from a culture, taking the time to understand and honor it should be the minimum standard.","","System.Object[]","System.Object[]"
"1-4","6","6","1","1.000-1.999","329713","Dune: House Secrets","1","1","0","1-4","1.36","5.01708","","","System.Object[]","System.Object[]"
"3-6","1","6","2","1.000-1.999","1927","Munchkin Deluxe","2.833","1.999","0","3-6","1.8177","5.87334","","","System.Object[]","System.Object[]"
"2-4","2","6","2","1.000-1.999","244992","The Mind","2.666","1.799","0","2-4","1.0732","6.71606","","","System.Object[]","System.Object[]"
"2","3","6","2","1.000-1.999","2425","Battleship","2.5","1.599","2","2","1.1997","4.75694","","","System.Object[]","System.Object[]"
"2-4","4","6","2","1.000-1.999","244521","Quacks","2.333","1.4","2","2-4","1.9407","7.80441","","","System.Object[]","System.Object[]"
"1-4","5","6","2","1.000-1.999","280748","Escape the Dark Sector","2.166","1.2","1","1-4","2.0976","7.4767","","","System.Object[]","System.Object[]"
"2-8","6","6","2","1.000-1.999","150145","Skull King","2","1","1","2-8","1.7331","7.52731","","","System.Object[]","System.Object[]"
"1-4","1","7","3","2.000-2.999","342942","Ark Nova","3.999","2.999","3","1-4","3.7963","8.54058","","","System.Object[]","System.Object[]"
"1-4","2","7","3","2.000-2.999","169426","Roll Player","3.833","2.832","2","1-4","2.4232","7.41879","","","System.Object[]","System.Object[]"
"2-4","3","7","3","2.000-2.999","292032","Funkoverse Strategy Game: Harry Potter 100","3.666","2.666","1","2-4","2.2778","6.55025","","","System.Object[]","System.Object[]"
"2-4","4","7","3","2.000-2.999","194607","Mystic Vale","3.499","2.5","1","2-4","2.26","7.23467","","","System.Object[]","System.Object[]"
"1-4","5","7","3","2.000-2.999","244711","Newton","3.333","2.333","1","1-4","3.3717","7.49874","","","System.Object[]","System.Object[]"
"1-5","6","7","3","2.000-2.999","269385","The Lord of the Rings: Journeys in Middle-Earth","3.166","2.166","1","1-5","2.6978","7.89162","","","System.Object[]","System.Object[]"
"2-5","7","7","3","2.000-2.999","381083","WitchDraft","3","2","1","2-5","1.8","6.69445","","","System.Object[]","System.Object[]"
"2-6","1","6","4","3.000-3.999","4279","Flux","4.999","3.999","3","2-6","1.3846","5.45619","","","System.Object[]","Hexagon Grid"
"1-8","2","6","4","3.000-3.999","247567","D-Day Dice Pocket","4.832","3.799","1","1-8","1.125","6.36716","","","System.Object[]","System.Object[]"
"1-5","3","6","4","3.000-3.999","163170","Firefly: Shiny Dice","4.666","3.599","1","1-5","1.875","5.45918","","","System.Object[]","System.Object[]"
"2-5","4","6","4","3.000-3.999","136063","Forbidden Desert","4.499","3.4","1","2-5","2.0413","7.0592","","","System.Object[]","System.Object[]"
"2","5","6","4","3.000-3.999","171226","Starfighter","4.332","3.2","1","2","2.7742","6.65265","","","System.Object[]","System.Object[]"
"3-8","6","6","4","3.000-3.999","194626","Happy Salmon","4.166","3","1","3-8","1.0571","6.64125","","","System.Object[]","Real-Time"
"2-4","1","70","5","4.000-4.999","278553","Silver","5.999","4.999","1","2-4","1.7778","7.03822","","","Card Game","System.Object[]"
"3-4","2","70","5","4.000-4.999","13","Catan","5.985","4.985","0","3-4","2.2826","7.09086","","","System.Object[]","System.Object[]"
"2","3","70","5","4.000-4.999","118048","Targi","5.97","4.97","10","2","2.3423","7.5847","","","System.Object[]","System.Object[]"
"3-7","4","70","5","4.000-4.999","12942","No Thanks!","5.956","4.956","7","3-7","1.1291","7.08078","","","Card Game","System.Object[]"
"1-4","5","70","5","4.000-4.999","200077","Mint Works","5.941","4.941","3","1-4","1.7308","6.88261","","","System.Object[]","System.Object[]"
"2-6","6","70","5","4.000-4.999","11971","Cockroach Poker","5.927","4.927","6","2-6","1.0961","6.7975","","","System.Object[]","System.Object[]"
"2","7","70","5","4.000-4.999","147020","Star Realms","5.912","4.912","1","2","1.9111","7.54948","","","System.Object[]","System.Object[]"
"3-8","8","70","5","4.000-4.999","143741","BANG! The Dice Game","5.898","4.898","5","3-8","1.277","6.87367","","","System.Object[]","System.Object[]"
"2-4","9","70","5","4.000-4.999","65244","Forbidden Island","5.883","4.883","1","2-4","1.739","6.75035","","","System.Object[]","System.Object[]"
"2-8","10","70","5","4.000-4.999","178900","Codenames","5.869","4.869","5","2-8","1.2525","7.52348","","","System.Object[]","System.Object[]"
"2","11","70","5","4.000-4.999","182631","Star Realms: Colony Wars","5.854","4.854","1","2","1.8742","7.77474","","","System.Object[]","System.Object[]"
"2-4","12","70","5","4.000-4.999","811","Rummikub","5.84","4.84","5","2-4","1.7081","6.52878","","","System.Object[]","System.Object[]"
"2-6","13","70","5","4.000-4.999","96260","Dominant Species: The Card Game","5.825","4.825","1","2-6","1.8989","5.94496","","","System.Object[]","Hand Management"
"2-4","14","70","5","4.000-4.999","303554","Winter Kingdom","5.811","4.811","4","2-4","2.6154","7.26312","","","System.Object[]","System.Object[]"
"2-5","15","70","5","4.000-4.999","269573","Dracarys Dice","5.796","4.796","1","2-5","1","5.70173","","","Dice","Push Your Luck"
"2","16","70","5","4.000-4.999","122298","Morels","5.782","4.782","2","2","1.7379","6.96618","","","System.Object[]","System.Object[]"
"1","17","70","5","4.000-4.999","337070","Arkham Noir: Case #3 – Infinite Gulfs of Darkness","5.767","4.767","1","1","3.0909","7.11105","","","System.Object[]","System.Object[]"
"3-5","18","70","5","4.000-4.999","105593","Cheating Moth","5.753","4.753","1","3-5","1.1611","6.39111","","","System.Object[]","Hand Management"
"1-6","19","70","5","4.000-4.999","376747","Deep Dive","5.738","4.738","1","1-6","1.1042","6.61561","","","System.Object[]","System.Object[]"
"2-5","20","70","5","4.000-4.999","172225","Exploding Kittens","5.724","4.724","1","2-5","1.0786","6.06837","","","System.Object[]","System.Object[]"
"1-4","21","70","5","4.000-4.999","345088","Founders of Teotihuacan","5.709","4.709","1","1-4","2.85","6.81196","","","System.Object[]","System.Object[]"
"3-6","22","70","5","4.000-4.999","160968","Homeland: The Game","5.695","4.695","1","3-6","2.6531","6.48934","","","System.Object[]","System.Object[]"
"1-4","23","70","5","4.000-4.999","240957","Judge Dredd: The Cursed Earth","5.68","4.68","1","1-4","2.1667","6.38671","","","System.Object[]","System.Object[]"
"2-4","24","70","5","4.000-4.999","193322","Master of Orion: The Board Game","5.666","4.666","1","2-4","2.4384","6.89873","","","System.Object[]","System.Object[]"
"1-5","25","70","5","4.000-4.999","230251","Mint Delivery","5.652","4.652","1","1-5","1.6379","6.1537","","","System.Object[]","System.Object[]"
"2-4","26","70","5","4.000-4.999","309297","SCOPE Stalingrad","5.637","4.637","1","2-4","1.5333","6.80834","","","System.Object[]","System.Object[]"
"5-10","27","70","5","4.000-4.999","41114","The Resistance","5.623","4.623","1","5-10","1.5911","7.18632","","","System.Object[]","System.Object[]"
"2-8","28","70","5","4.000-4.999","234190","Unstable Unicorns","5.608","4.608","1","2-8","1.4685","6.22185","","","System.Object[]","System.Object[]"
"1-50","29","70","5","4.000-4.999","281075","Welcome to New Las Vegas","5.594","4.594","5","1-50","2.8214","6.69698","","","City Building","System.Object[]"
"2-6","30","70","5","4.000-4.999","158899","Colt Express","5.579","4.579","4","2-6","1.8359","7.09633","","","System.Object[]","System.Object[]"
"3-6","31","70","5","4.000-4.999","207062","Dungeons & Dragons: Rock Paper Wizard","5.565","4.565","3","3-6","1.3226","6.53202","","","Fantasy","System.Object[]"
"2-4","32","70","5","4.000-4.999","359502","Casting Shadows","5.55","4.55","2","2-4","2.2414","6.28058","","","System.Object[]","System.Object[]"
"2-5","33","70","5","4.000-4.999","124361","Concordia","5.536","4.536","2","2-5","2.9881","8.07693","","","System.Object[]","System.Object[]"
"1-4","34","70","5","4.000-4.999","256570","Crown of Emara","5.521","4.521","2","1-4","3.0481","7.34881","","","System.Object[]","System.Object[]"
"1-5","35","70","5","4.000-4.999","173090","The Game","5.507","4.507","2","1-5","1.2364","6.71325","","","System.Object[]","System.Object[]"
"3-6","36","70","5","4.000-4.999","103343","A Game of Thrones: The Board Game (Second Edition)","5.492","4.492","1","3-6","3.7348","7.52838","","","System.Object[]","System.Object[]"
"2-5","37","70","5","4.000-4.999","181293","Alien Artifacts","5.478","4.478","1","2-5","2.8904","6.52691","","","System.Object[]","System.Object[]"
"2-4","38","70","5","4.000-4.999","5420","Assassin: The Final Game","5.463","4.463","1","2-4","1.5556","4.97273","","","System.Object[]","System.Object[]"
"2","39","70","5","4.000-4.999","213266","Circle the Wagons","5.449","4.449","1","2","1.5686","7.02083","","","System.Object[]","System.Object[]"
"2-6","40","70","5","4.000-4.999","238972","Cogs and Commissars","5.434","4.434","1","2-6","1.6667","6.12526","","","System.Object[]","System.Object[]"
"1-4","41","70","5","4.000-4.999","269511","Cooper Island","5.42","4.42","1","1-4","4.16","7.5493","","","System.Object[]","System.Object[]"
"2-4","42","70","5","4.000-4.999","269595","Copenhagen","5.405","4.405","1","2-4","1.6923","6.9229","","","System.Object[]","System.Object[]"
"2-5","43","70","5","4.000-4.999","280480","Crystal Palace","5.391","4.391","1","2-5","3.7665","7.49649","","","System.Object[]","System.Object[]"
"2-6","44","70","5","4.000-4.999","244271","Dice Throne: Season Two – Battle Chest","5.376","4.376","1","2-6","2.1705","8.03682","","","System.Object[]","System.Object[]"
"2-10","45","70","5","4.000-4.999","169124","Flick 'em Up!","5.362","4.362","1","2-10","1.3462","6.83644","","","System.Object[]","System.Object[]"
"1-4","46","70","5","4.000-4.999","249703","Gentes: Deluxified Edition","5.347","4.347","1","1-4","3.2241","7.65619","","","System.Object[]","System.Object[]"
"1-4","47","70","5","4.000-4.999","134157","Guilds of London","5.333","4.333","1","1-4","3.0714","6.73391","","","Medieval","System.Object[]"
"1","48","70","5","4.000-4.999","134253","Hostage Negotiator","5.319","4.319","1","1","2.0585","6.77967","","","System.Object[]","System.Object[]"
"2-6","49","70","5","4.000-4.999","70323","King of Tokyo","5.304","4.304","1","2-6","1.4837","7.11391","","","System.Object[]","System.Object[]"
"2-4","50","70","5","4.000-4.999","1219","Labyrinth","5.29","4.29","1","2-4","1.3439","6.40944","","","System.Object[]","System.Object[]"
"1-4","51","70","5","4.000-4.999","285774","Marvel Champions: The Card Game","5.275","4.275","1","1-4","2.9589","8.10396","","","System.Object[]","System.Object[]"
"1-5","52","70","5","4.000-4.999","126042","Nations","5.261","4.261","1","1-5","3.54","7.58909","","","System.Object[]","System.Object[]"
"2-5","53","70","5","4.000-4.999","255692","New Frontiers","5.246","4.246","1","2-5","2.9612","7.38376","","","System.Object[]","System.Object[]"
"2","54","70","5","4.000-4.999","162041","Ninja Taisen","5.232","4.232","1","2","1.4783","6.30156","","","System.Object[]","System.Object[]"
"3-5","55","70","5","4.000-4.999","270445","Omerta","5.217","4.217","1","3-5","1.3333","7.05463","","","System.Object[]","System.Object[]"
"3-10","56","70","5","4.000-4.999","147949","One Night Ultimate Werewolf","5.203","4.203","1","3-10","1.3825","7.03163","","","System.Object[]","System.Object[]"
"2-4","57","70","5","4.000-4.999","170199","Solarius Mission","5.188","4.188","1","2-4","3.9268","7.15903","","","System.Object[]","System.Object[]"
"2-8","58","70","5","4.000-4.999","419143","Spectrum","5.174","4.174","1","2-8","1","7.38421","Not bad!","","System.Object[]","System.Object[]"
"1-4","59","70","5","4.000-4.999","244522","That's Pretty Clever!","5.159","4.159","1","1-4","1.8519","7.55004","","","System.Object[]","System.Object[]"
"2-5","60","70","5","4.000-4.999","204574","The Flow of History","5.145","4.145","1","2-5","2.5686","6.7154","","","System.Object[]","System.Object[]"
"1-4","61","70","5","4.000-4.999","257283","Tiny Epic Mechs","5.13","4.13","1","1-4","2.5741","6.66999","","","System.Object[]","System.Object[]"
"2-4","62","70","5","4.000-4.999","244654","Wildlands","5.116","4.116","1","2-4","2.2466","7.25474","","","System.Object[]","System.Object[]"
"2-4","63","70","5","4.000-4.999","115105","Kittens in a Blender","5.101","4.101","1","2-4","1.1154","5.63347","","","System.Object[]","System.Object[]"
"1-4","64","70","5","4.000-4.999","356123","Turing Machine","5.087","4.087","8","1-4","2.5314","7.59662","","","System.Object[]","System.Object[]"
"2-6","65","70","5","4.000-4.999","378848","Camel Up: The Card Game","5.072","4.072","0","2-6","2.0588","6.77173","","","System.Object[]","System.Object[]"
"1-2","66","70","5","4.000-4.999","303734","Golems","5.058","4.058","2","1-2","1.75","6.07951","","","Card Game","System.Object[]"
"3-10","67","70","5","4.000-4.999","302520","Hues and Cues","5.043","4.043","2","3-10","1.0603","6.43818","","","System.Object[]","System.Object[]"
"2-4","68","70","5","4.000-4.999","204583","Kingdomino","5.029","4.029","2","2-4","1.2386","7.28769","","","System.Object[]","System.Object[]"
"1-5","69","70","5","4.000-4.999","73761","K2","5.014","4.014","1","1-5","2.2475","6.99606","","","System.Object[]","System.Object[]"
"2-4","70","70","5","4.000-4.999","180974","Potion Explosion","5","4","1","2-4","1.7799","7.12183","","","System.Object[]","System.Object[]"
"1-4","1","106","6","5.000-5.999","230253","Star Realms: Frontiers","6.999","5.999","4","1-4","1.875","7.90406","","","System.Object[]","System.Object[]"
"2-6","2","106","6","5.000-5.999","223040","Fantasy Realms","6.989","5.989","15","2-6","1.8213","7.49681","","","System.Object[]","System.Object[]"
"2-4","3","106","6","5.000-5.999","194594","Dice Forge","6.98","5.98","3","2-4","1.9724","7.21277","","","System.Object[]","System.Object[]"
"2-5","4","106","6","5.000-5.999","193037","Dead of Winter: The Long Night","6.97","5.97","2","2-5","3.3333","7.50362","","","System.Object[]","System.Object[]"
"2-4","5","106","6","5.000-5.999","54","Tikal","6.961","5.961","1","2-4","2.7766","7.31736","","","System.Object[]","System.Object[]"
"2-4","6","106","6","5.000-5.999","170216","Blood Rage","6.951","5.951","3","2-4","2.8818","7.89827","","","System.Object[]","System.Object[]"
"1-4","7","106","6","5.000-5.999","269210","Twice as Clever!","6.942","5.942","4","1-4","2.2775","7.4101","","","System.Object[]","System.Object[]"
"1-5","8","106","6","5.000-5.999","205059","Mansions of Madness: Second Edition","6.932","5.932","1","1-5","2.6916","7.91184","","","System.Object[]","System.Object[]"
"2-4","9","106","6","5.000-5.999","68425","Eminent Domain","6.923","5.923","10","2-4","2.5099","6.95829","","","System.Object[]","System.Object[]"
"1-5","10","106","6","5.000-5.999","146652","Legendary Encounters: An Alien Deck Building Game","6.913","5.913","2","1-5","2.7078","7.75174","","","System.Object[]","System.Object[]"
"2","11","106","6","5.000-5.999","177639","Raptor","6.904","5.904","2","2","2.0783","7.20824","","","System.Object[]","System.Object[]"
"2-4","12","106","6","5.000-5.999","34635","Stone Age","6.894","5.894","2","2-4","2.4559","7.51084","","","System.Object[]","System.Object[]"
"1-5","13","106","6","5.000-5.999","283095","Cosmic Colonies","6.885","5.885","1","1-5","2.0625","6.90382","","","System.Object[]","System.Object[]"
"2-4","14","106","6","5.000-5.999","224517","Brass: Birmingham","6.875","5.875","1","2-4","3.8607","8.56433","","","System.Object[]","System.Object[]"
"2-4","15","106","6","5.000-5.999","260300","Dungeon Mayhem","6.866","5.866","5","2-4","1.1453","6.85273","","","System.Object[]","System.Object[]"
"2-4","16","106","6","5.000-5.999","30549","Pandemic","6.856","5.856","2","2-4","2.3934","7.51062","","","System.Object[]","System.Object[]"
"2-99","17","106","6","5.000-5.999","62871","Zombie Dice","6.847","5.847","1","2-99","1.0922","6.22958","","","System.Object[]","System.Object[]"
"2-10","18","106","6","5.000-5.999","432","Take 5","6.837","5.837","22","2-10","1.1886","6.98769","","","System.Object[]","System.Object[]"
"2-4","19","106","6","5.000-5.999","230802","Azul","6.828","5.828","19","2-4","1.773","7.71153","","","System.Object[]","System.Object[]"
"2-4","20","106","6","5.000-5.999","270314","Ohanami","6.818","5.818","13","2-4","1.157","7.25623","","","System.Object[]","System.Object[]"
"2-4","21","106","6","5.000-5.999","178044","Star Empires","6.809","5.809","8","2-4","2.0606","7.07221","","","System.Object[]","System.Object[]"
"2-5","22","106","6","5.000-5.999","133473","Sushi Go!","6.799","5.799","8","2-5","1.1626","6.9788","","","System.Object[]","System.Object[]"
"2","23","106","6","5.000-5.999","50","Lost Cities","6.79","5.79","7","2","1.475","7.26038","","","System.Object[]","System.Object[]"
"2-7","24","106","6","5.000-5.999","181304","Mysterium","6.78","5.78","6","2-7","1.8904","7.18809","","","System.Object[]","System.Object[]"
"2-6","25","106","6","5.000-5.999","353470","Star Wars: Jabba's Palace – A Love Letter Game","6.771","5.771","6","2-6","1.2609","7.19233","","","System.Object[]","System.Object[]"
"2-6","26","106","6","5.000-5.999","131357","Coup","6.761","5.761","5","2-6","1.414","6.97464","","","System.Object[]","System.Object[]"
"2-5","27","106","6","5.000-5.999","329151","Draconic Dice","6.752","5.752","5","2-5","1.1429","6.27907","","","Dice","Dice Rolling"
"2","28","106","6","5.000-5.999","264241","Mandala","6.742","5.742","6","2","1.7843","7.43185","","","System.Object[]","System.Object[]"
"2-6","29","106","6","5.000-5.999","274960","Point Salad","6.733","5.733","5","2-6","1.1528","7.08319","","","Card Game","System.Object[]"
"2-4","30","106","6","5.000-5.999","129622","Love Letter","6.723","5.723","3","2-4","1.1843","7.22614","","","System.Object[]","System.Object[]"
"2-6","31","106","6","5.000-5.999","313841","Lunar Base","6.714","5.714","3","2-6","2.0476","7.11885","","","System.Object[]","System.Object[]"
"2-5","32","106","6","5.000-5.999","284083","The Crew: The Quest for Planet Nine","6.704","5.704","3","2-5","1.9685","7.75007","","","System.Object[]","System.Object[]"
"2-5","33","106","6","5.000-5.999","300442","Trekking the World","6.695","5.695","3","2-5","1.8947","7.0249","","","System.Object[]","System.Object[]"
"2","34","106","6","5.000-5.999","247367","Air, Land, & Sea","6.685","5.685","2","2","1.7363","7.4353","","","System.Object[]","System.Object[]"
"1-5","35","106","6","5.000-5.999","284653","Mind MGMT: The Psychic Espionage “Game.”","6.676","5.676","2","1-5","2.8931","7.77269","","","System.Object[]","System.Object[]"
"2-6","36","106","6","5.000-5.999","159473","Quartermaster General","6.666","5.666","2","2-6","2.2893","7.2448","","","System.Object[]","System.Object[]"
"2-4","37","106","6","5.000-5.999","232043","Queendomino","6.656","5.656","2","2-4","2.0645","7.13209","","","System.Object[]","System.Object[]"
"1-4","38","106","6","5.000-5.999","274037","Solar Storm","6.647","5.647","2","1-4","2.0667","6.94361","","","System.Object[]","System.Object[]"
"1-5","39","106","6","5.000-5.999","279720","Streets","6.637","5.637","2","1-5","1.9825","6.56095","","","City Building","System.Object[]"
"1-6","40","106","6","5.000-5.999","256852","Aliens: Another Glorious Day in the Corps","6.628","5.628","2","1-6","2.8378","7.424","","","System.Object[]","System.Object[]"
"1-2","41","106","6","5.000-5.999","347521","Blitzkrieg!: World War Two in 20 Minutes (Second Edition)","6.618","5.618","1","1-2","1.72","7.50737","","","System.Object[]","System.Object[]"
"1-4","42","106","6","5.000-5.999","170223","Centauri Saga","6.609","5.609","1","1-4","2.9412","6.51014","","","System.Object[]","System.Object[]"
"2-4","43","106","6","5.000-5.999","344839","Dog Lover","6.599","5.599","1","2-4","1.8438","6.69583","","","System.Object[]","System.Object[]"
"4-8","44","106","6","5.000-5.999","253786","Don't Mess with Cthulhu Deluxe","6.59","5.59","1","4-8","1.3158","7.33523","","","System.Object[]","System.Object[]"
"2-4","45","106","6","5.000-5.999","31481","Galaxy Trucker","6.58","5.58","1","2-4","2.3277","7.31929","","","System.Object[]","System.Object[]"
"1-4","46","106","6","5.000-5.999","278120","God of War: The Card Game","6.571","5.571","1","1-4","2.5172","6.53592","","","System.Object[]","System.Object[]"
"2","47","106","6","5.000-5.999","158600","Hanamikoji","6.561","5.561","1","2","1.6753","7.4479","","","System.Object[]","System.Object[]"
"1-4","48","106","6","5.000-5.999","195314","Herbaceous","6.552","5.552","1","1-4","1.2222","6.98341","","","System.Object[]","System.Object[]"
"2-4","49","106","6","5.000-5.999","8203","Hey, That's My Fish!","6.542","5.542","1","2-4","1.4447","6.69811","","","System.Object[]","System.Object[]"
"2-5","50","106","6","5.000-5.999","369258","Isle of Skye: Big Box","6.533","5.533","1","2-5","2.1111","7.9163","","","System.Object[]","System.Object[]"
"2-4","51","106","6","5.000-5.999","272738","Jaws","6.523","5.523","1","2-4","2.1778","7.06122","","","System.Object[]","System.Object[]"
"2-5","52","106","6","5.000-5.999","297562","Kemet: Blood and Sand","6.514","5.514","1","2-5","3.1965","7.90172","","","System.Object[]","System.Object[]"
"2-4","53","106","6","5.000-5.999","379629","Knarr","6.504","5.504","1","2-4","1.913","7.47042","","","Card Game","System.Object[]"
"2-4","54","106","6","5.000-5.999","264141","Kodachi","6.495","5.495","1","2-4","1.8261","7.28895","","","Card Game","System.Object[]"
"1-2","55","106","6","5.000-5.999","267401","Lawyer Up","6.485","5.485","1","1-2","2.6486","6.81642","","","Card Game","System.Object[]"
"1-5","56","106","6","5.000-5.999","192638","Multiuniversum","6.476","5.476","1","1-5","1.8864","6.50309","","","System.Object[]","System.Object[]"
"2-7","57","106","6","5.000-5.999","194879","Not Alone","6.466","5.466","1","2-7","2.0038","6.95336","","","System.Object[]","System.Object[]"
"1-2","58","106","6","5.000-5.999","256713","One Deck Galaxy","6.457","5.457","1","1-2","3.3171","6.79396","","","System.Object[]","System.Object[]"
"2-4","59","106","6","5.000-5.999","192153","Reign of Cthulhu","6.447","5.447","1","2-4","2.1709","7.35464","","","System.Object[]","System.Object[]"
"1-5","60","106","6","5.000-5.999","38453","Space Alert","6.438","5.438","1","1-5","2.9699","7.3754","","","System.Object[]","System.Object[]"
"1-4","61","106","6","5.000-5.999","296108","Terraforming Mars: The Dice Game","6.428","5.428","1","1-4","2.4041","7.29212","","","System.Object[]","System.Object[]"
"2-4","62","106","6","5.000-5.999","253284","Ticket to Ride: New York","6.419","5.419","1","2-4","1.2632","6.88025","","","Trains","System.Object[]"
"1-5","63","106","6","5.000-5.999","241724","Villagers","6.409","5.409","1","1-5","2.2246","7.09487","","","System.Object[]","System.Object[]"
"2-4","64","106","6","5.000-5.999","362944","War of the Ring: The Card Game","6.4","5.4","1","2-4","2.9755","7.59354","","","System.Object[]","System.Object[]"
"1-4","65","106","6","5.000-5.999","223779","Pocket Mars","6.39","5.39","6","1-4","2.3467","6.41848","","","System.Object[]","System.Object[]"
"2-6","66","106","6","5.000-5.999","220700","Cobra Paw","6.381","5.381","1","2-6","1","6.27161","","","System.Object[]","System.Object[]"
"2-5","67","106","6","5.000-5.999","156009","Port Royal","6.371","5.371","1","2-5","1.6333","7.10069","","","System.Object[]","System.Object[]"
"2-5","68","106","6","5.000-5.999","14996","Ticket to Ride: Europe","6.362","5.362","1","2-5","1.9148","7.52266","","","Trains","System.Object[]"
"1-2","69","106","6","5.000-5.999","179275","One Deck Dungeon","6.352","5.352","1","1-2","2.092","6.93507","","","System.Object[]","System.Object[]"
"2-4","70","106","6","5.000-5.999","147299","Pocket Imperium","6.343","5.343","1","2-4","1.9459","6.18157","","","System.Object[]","System.Object[]"
"3-6","71","106","6","5.000-5.999","172","For Sale","6.333","5.333","11","3-6","1.25","7.26586","","","System.Object[]","System.Object[]"
"2-4","72","106","6","5.000-5.999","107529","Kingdom Builder","6.323","5.323","7","2-4","2.071","6.93238","","","System.Object[]","System.Object[]"
"1-6","73","106","6","5.000-5.999","245654","Railroad Ink: Deep Blue Edition","6.314","5.314","6","1-6","1.4686","7.14422","","","System.Object[]","System.Object[]"
"1-5","74","106","6","5.000-5.999","271324","It's a Wonderful World","6.304","5.304","4","1-5","2.3247","7.62726","","","System.Object[]","System.Object[]"
"3-6","75","106","6","5.000-5.999","166857","Antike II","6.295","5.295","3","3-6","2.8723","7.43605","","","System.Object[]","System.Object[]"
"2-6","76","106","6","5.000-5.999","251830","Alhambra: Mega Box","6.285","5.285","2","2-6","2.5","8.00447","","","System.Object[]","System.Object[]"
"1-4","77","106","6","5.000-5.999","69789","Ascension: Deckbuilding Game","6.276","5.276","2","1-4","2.1371","7.04481","","","System.Object[]","System.Object[]"
"2-5","78","106","6","5.000-5.999","98778","Hanabi","6.266","5.266","2","2-5","1.6901","7.02892","","","System.Object[]","System.Object[]"
"1-4","79","106","6","5.000-5.999","210274","Petrichor","6.257","5.257","2","1-4","3.0505","6.87887","","","System.Object[]","System.Object[]"
"2-6","80","106","6","5.000-5.999","183006","Qwinto","6.247","5.247","2","2-6","1.3101","6.91434","","","System.Object[]","System.Object[]"
"1-5","81","106","6","5.000-5.999","254713","The Artemis Project","6.238","5.238","2","1-5","2.8526","7.20153","","","System.Object[]","System.Object[]"
"2-4","82","106","6","5.000-5.999","189932","Tyrants of the Underdark","6.228","5.228","2","2-4","2.5429","7.91408","","","System.Object[]","System.Object[]"
"2-4","83","106","6","5.000-5.999","213893","Yamataï","6.219","5.219","2","2-4","2.9679","7.16607","","","Mythology","System.Object[]"
"1-4","84","106","6","5.000-5.999","283393","Aquatica","6.209","5.209","1","1-4","2.3155","7.35379","","","System.Object[]","System.Object[]"
"2-4","85","106","6","5.000-5.999","143515","Coal Baron","6.2","5.2","1","2-4","2.5372","7.26318","","","System.Object[]","System.Object[]"
"2-6","86","106","6","5.000-5.999","169654","Deep Sea Adventure","6.19","5.19","1","2-6","1.1846","6.86766","","","System.Object[]","System.Object[]"
"3-5","87","106","6","5.000-5.999","158435","Dogs of War","6.181","5.181","1","3-5","2.6336","7.52243","","","System.Object[]","System.Object[]"
"2-4","88","106","6","5.000-5.999","193738","Great Western Trail","6.171","5.171","1","2-4","3.6941","8.14915","","","System.Object[]","System.Object[]"
"2-4","89","106","6","5.000-5.999","275034","Judge Dredd: Helter Skelter","6.162","5.162","1","2-4","2.1053","7.27242","","","System.Object[]","System.Object[]"
"2-13","90","106","6","5.000-5.999","139030","Mascarade","6.152","5.152","1","2-13","1.5273","6.54862","","","System.Object[]","System.Object[]"
"2-5","91","106","6","5.000-5.999","66589","Navegador","6.143","5.143","1","2-5","3.0819","7.52796","","","System.Object[]","System.Object[]"
"1-5","92","106","6","5.000-5.999","300877","New York Zoo","6.133","5.133","1","1-5","1.9673","7.003","","","System.Object[]","System.Object[]"
"2","93","106","6","5.000-5.999","329082","Radlands","6.124","5.124","1","2","2.2663","7.74333","","","System.Object[]","System.Object[]"
"2-4","94","106","6","5.000-5.999","237182","Root","6.114","5.114","1","2-4","3.8404","8.07123","","","System.Object[]","System.Object[]"
"2-7","95","106","6","5.000-5.999","159503","The Captain Is Dead","6.105","5.105","1","2-7","2.398","7.05044","","","System.Object[]","System.Object[]"
"2-4","96","106","6","5.000-5.999","276894","Ticket to Ride: London","6.095","5.095","1","2-4","1.3478","7.0452","","","Trains","System.Object[]"
"2-6","97","106","6","5.000-5.999","128621","Viticulture","6.086","5.086","1","2-6","2.9527","7.47336","","","System.Object[]","System.Object[]"
"1-5","98","106","6","5.000-5.999","266192","Wingspan","6.076","5.076","1","1-5","2.4799","7.9993","","","System.Object[]","System.Object[]"
"2","99","106","6","5.000-5.999","184151","Legend of the Five Rings: The Card Game","6.067","5.067","1","2","4.0144","7.34238","","","System.Object[]","System.Object[]"
"1-4","100","106","6","5.000-5.999","368017","Point City","6.057","5.057","0","1-4","1.6875","7.12798","","","System.Object[]","System.Object[]"
"2-4","101","106","6","5.000-5.999","41","Can't Stop","6.048","5.048","7","2-4","1.1431","6.94577","","","System.Object[]","System.Object[]"
"1-100","102","106","6","5.000-5.999","263918","Cartographers","6.038","5.038","1","1-100","1.8891","7.55418","","","System.Object[]","System.Object[]"
"1-4","103","106","6","5.000-5.999","407180","Ganz schön clever: Deluxe","6.029","5.029","1","1-4","2.4","7.86946","","","System.Object[]","System.Object[]"
"2-4","104","106","6","5.000-5.999","63975","Mountain Goats","6.019","5.019","1","2-4","1.211","6.83566","","","System.Object[]","System.Object[]"
"1-4","105","106","6","5.000-5.999","73439","Troyes","6.01","5.01","1","1-4","3.374","7.70281","","","System.Object[]","System.Object[]"
"2-5","106","106","6","5.000-5.999","27588","Zooloretto","6","5","1","2-5","1.857","6.78377","","","Animals","System.Object[]"
"1-5","1","100","7","6.000-6.999","266524","PARKS","7.999","6.999","2","1-5","2.1301","7.60849","","","System.Object[]","System.Object[]"
"1-4","2","100","7","6.000-6.999","331401","Dog Park","7.989","6.989","2","1-4","2.1618","6.86153","","","System.Object[]","System.Object[]"
"2","3","100","7","6.000-6.999","173346","7 Wonders Duel","7.979","6.979","1","2","2.2269","8.07438","","","System.Object[]","System.Object[]"
"2","4","100","7","6.000-6.999","54043","Jaipur","7.969","6.969","18","2","1.4633","7.47841","","","System.Object[]","System.Object[]"
"3-6","5","100","7","6.000-6.999","340466","Unfathomable","7.959","6.959","1","3-6","3.1244","7.46425","","","System.Object[]","System.Object[]"
"2-5","6","100","7","6.000-6.999","286160","Godspeed","7.949","6.949","2","2-5","2.75","6.99201","","","Science Fiction","System.Object[]"
"2-4","7","100","7","6.000-6.999","10630","Memoir '44","7.938","6.938","22","2-4","2.2724","7.5279","","","System.Object[]","System.Object[]"
"2-4","8","100","7","6.000-6.999","247143","Senshi","7.928","6.928","9","2-4","1.8333","6.1336","","","Abstract Strategy","Set Collection"
"1-4","9","100","7","6.000-6.999","276997","X-ODUS: Rise of the Corruption","7.918","6.918","1","1-4","3.3269","7.67872","","","System.Object[]","System.Object[]"
"2-4","10","100","7","6.000-6.999","265017","Tortuga 2199","7.908","6.908","3","2-4","2.5849","7.07405","","","System.Object[]","System.Object[]"
"1-6","11","100","7","6.000-6.999","226320","My Little Scythe","7.898","6.898","8","1-6","2.0146","7.19421","","","System.Object[]","System.Object[]"
"2","12","100","7","6.000-6.999","226631","War of the Worlds: The New Wave","7.888","6.888","1","2","2.2083","7.02455","","","System.Object[]","System.Object[]"
"1-6","13","100","7","6.000-6.999","258779","Planet Unknown","7.878","6.878","10","1-6","2.2521","7.75547","","","System.Object[]","System.Object[]"
"2-5","14","100","7","6.000-6.999","291453","SCOUT","7.868","6.868","8","2-5","1.3967","7.77382","","","Card Game","System.Object[]"
"2","15","100","7","6.000-6.999","163412","Patchwork","7.858","6.858","7","2","1.5999","7.57635","","","System.Object[]","System.Object[]"
"2-6","16","100","7","6.000-6.999","133848","Euphoria: Build a Better Dystopia","7.848","6.848","6","2-6","3.1109","7.15817","","","Science Fiction","System.Object[]"
"1-4","17","100","7","6.000-6.999","221194","Dinosaur Island","7.838","6.838","5","1-4","3.0467","7.52172","","","System.Object[]","System.Object[]"
"1-8","18","100","7","6.000-6.999","361545","Twilight Inscription","7.827","6.827","5","1-8","3.2263","7.39961","","","Science Fiction","System.Object[]"
"2-4","19","100","7","6.000-6.999","242574","Century: Eastern Wonders","7.817","6.817","4","2-4","2.1081","7.09698","","","Nautical","System.Object[]"
"1-2","20","100","7","6.000-6.999","289566","Hunted: Kobayashi Tower","7.807","6.807","4","1-2","2","6.83333","","","System.Object[]","System.Object[]"
"1-4","21","100","7","6.000-6.999","299178","Small Railroad Empires","7.797","6.797","4","1-4","2.3","6.5487","","","System.Object[]","System.Object[]"
"1-5","22","100","7","6.000-6.999","163967","Tiny Epic Galaxies","7.787","6.787","4","1-5","2.1536","7.31735","","","System.Object[]","System.Object[]"
"2","23","100","7","6.000-6.999","366495","Undaunted: Battle of Britain","7.777","6.777","6","2","2.7647","7.85917","","","System.Object[]","System.Object[]"
"1-7","24","100","7","6.000-6.999","248490","Atlantis Rising (Second Edition)","7.767","6.767","3","1-7","2.4726","7.4736","","","System.Object[]","System.Object[]"
"1-4","25","100","7","6.000-6.999","264052","Circadians: First Light","7.757","6.757","3","1-4","3.3684","7.51118","","","System.Object[]","System.Object[]"
"1","26","100","7","6.000-6.999","183571","Deep Space D-6","7.747","6.747","3","1","1.6639","7.13331","","","System.Object[]","System.Object[]"
"1-4","27","100","7","6.000-6.999","317859","Forests of Pangaia","7.737","6.737","3","1-4","2.3617","7.24481","","","System.Object[]","System.Object[]"
"2-4","28","100","7","6.000-6.999","242684","Reavers of Midgard","7.727","6.727","3","2-4","2.934","7.32047","","","","System.Object[]"
"1-4","29","100","7","6.000-6.999","307002","Regicide","7.716","6.716","3","1-4","1.9736","7.39046","","","System.Object[]","System.Object[]"
"2-4","30","100","7","6.000-6.999","298231","Skyrise","7.706","6.706","3","2-4","2.2474","7.66281","","","Territory Building","System.Object[]"
"2-4","31","100","7","6.000-6.999","284616","Small Samurai Empires","7.696","6.696","3","2-4","2.75","7.52983","","","System.Object[]","System.Object[]"
"4-8","32","100","7","6.000-6.999","142079","Space Cadets: Dice Duel","7.686","6.686","3","4-8","2.0865","6.73071","","","System.Object[]","System.Object[]"
"2-5","33","100","7","6.000-6.999","324856","The Crew: Mission Deep Sea","7.676","6.676","3","2-5","2.0558","8.03882","","","System.Object[]","System.Object[]"
"2","34","100","7","6.000-6.999","274364","Watergate","7.666","6.666","3","2","2.298","7.70318","","","System.Object[]","System.Object[]"
"1-4","35","100","7","6.000-6.999","231581","AuZtralia","7.656","6.656","2","1-4","2.8878","7.32889","","","System.Object[]","System.Object[]"
"1-4","36","100","7","6.000-6.999","356768","Bloc by Bloc: Uprising","7.646","6.646","2","1-4","2.5789","7.23369","","","System.Object[]","System.Object[]"
"2-4","37","100","7","6.000-6.999","317457","Dinosaur World","7.636","6.636","2","2-4","3.2733","7.30618","","","System.Object[]","System.Object[]"
"1-4","38","100","7","6.000-6.999","316554","Dune: Imperium","7.626","6.626","2","1-4","3.0783","8.40603","Need more plays to see if its a keeper","","System.Object[]","System.Object[]"
"2-4","39","100","7","6.000-6.999","315727","Last Light","7.616","6.616","2","2-4","2.7778","7.31976","","","System.Object[]","System.Object[]"
"1-4","40","100","7","6.000-6.999","340865","Lords of Ragnarok","7.605","6.605","2","1-4","3.8194","7.26738","","","System.Object[]","System.Object[]"
"1-4","41","100","7","6.000-6.999","306881","Railroad Ink Challenge: Lush Green Edition","7.595","6.595","2","1-4","2.1081","7.55603","","","System.Object[]","System.Object[]"
"2-6","42","100","7","6.000-6.999","347117","Star Trek: Missions","7.585","6.585","2","2-6","2","6.74485","","","System.Object[]","System.Object[]"
"2-6","43","100","7","6.000-6.999","145976","Talon","7.575","6.575","2","2-6","2.6","7.36746","","","System.Object[]","System.Object[]"
"1-4","44","100","7","6.000-6.999","291508","Tiny Epic Dinosaurs","7.565","6.565","2","1-4","2.6452","7.27667","","","System.Object[]","System.Object[]"
"2","45","100","7","6.000-6.999","268864","Undaunted: Normandy","7.555","6.555","2","2","2.2727","7.75956","","","System.Object[]","System.Object[]"
"1-4","46","100","7","6.000-6.999","230244","Black Angel","7.545","6.545","1","1-4","3.8677","7.17902","","","System.Object[]","System.Object[]"
"1-4","47","100","7","6.000-6.999","318009","Dinosaur Island: Rawr 'n Write","7.535","6.535","1","1-4","2.8512","7.64705","","","System.Object[]","System.Object[]"
"2-6","48","100","7","6.000-6.999","283355","Dune","7.525","6.525","1","2-6","3.9749","7.9111","","","System.Object[]","System.Object[]"
"1-5","49","100","7","6.000-6.999","252752","Genotype: A Mendelian Genetics Game","7.515","6.515","1","1-5","2.7778","7.40084","","","System.Object[]","System.Object[]"
"1-4","50","100","7","6.000-6.999","318184","Imperium: Classics","7.505","6.505","1","1-4","3.6256","7.6801","","","System.Object[]","System.Object[]"
"1-4","51","100","7","6.000-6.999","368173","Let's Go! To Japan","7.494","6.494","1","1-4","2.2609","7.55973","","","System.Object[]","System.Object[]"
"2-6","52","100","7","6.000-6.999","59959","Letters from Whitechapel","7.484","6.484","1","2-6","2.6398","7.3291","","","System.Object[]","System.Object[]"
"1-5","53","100","7","6.000-6.999","358386","Moon","7.474","6.474","1","1-5","2.5","7.27712","","","System.Object[]","System.Object[]"
"1-4","54","100","7","6.000-6.999","325941","Nemo's War: The Ultimate Edition","7.464","6.464","1","1-4","3.2414","8.19333","","","System.Object[]","System.Object[]"
"2-6","55","100","7","6.000-6.999","331979","Quartermaster General WW2: 2nd Edition","7.454","6.454","1","2-6","2.5909","7.70412","","","System.Object[]","System.Object[]"
"1-4","56","100","7","6.000-6.999","255984","Sleeping Gods","7.444","6.444","1","1-4","3.2587","8.08026","","","System.Object[]","System.Object[]"
"3-6","57","100","7","6.000-6.999","123096","Space Cadets","7.434","6.434","1","3-6","2.7543","6.54397","","","System.Object[]","System.Object[]"
"1-4","58","100","7","6.000-6.999","345542","Stellar Expedition","7.424","6.424","1","1-4","3","7.33026","","","System.Object[]","System.Object[]"
"1-4","59","100","7","6.000-6.999","292375","The Great Wall","7.414","6.414","3","1-4","3.9069","7.78182","","","System.Object[]","System.Object[]"
"1-4","60","100","7","6.000-6.999","279537","The Search for Planet X","7.404","6.404","1","1-4","2.4258","7.88909","","","System.Object[]","System.Object[]"
"1-5","61","100","7","6.000-6.999","285826","Ultra Tiny Epic Galaxies","7.394","6.394","1","1-5","2.1875","7.30369","","","System.Object[]","System.Object[]"
"1","62","100","7","6.000-6.999","306735","Under Falling Skies","7.383","6.383","1","1","2.3904","7.58809","","","System.Object[]","System.Object[]"
"1-100","63","100","7","6.000-6.999","233867","Welcome To...","7.373","6.373","4","1-100","1.8428","7.50392","","","City Building","System.Object[]"
"2-4","64","100","7","6.000-6.999","48726","Alien Frontiers","7.363","6.363","3","2-4","2.5644","7.33635","","","System.Object[]","System.Object[]"
"2-4","65","100","7","6.000-6.999","205597","Jump Drive","7.353","6.353","19","2-4","2.0154","6.99615","","","System.Object[]","System.Object[]"
"2-5","66","100","7","6.000-6.999","822","Carcassonne","7.343","6.343","10","2-5","1.8839","7.41674","","","System.Object[]","System.Object[]"
"2-4","67","100","7","6.000-6.999","270673","Silver & Gold","7.333","6.333","4","2-4","1.2143","7.1552","","","System.Object[]","System.Object[]"
"1-4","68","100","7","6.000-6.999","123260","Suburbia","7.323","6.323","1","1-4","2.7559","7.45218","","","System.Object[]","System.Object[]"
"1-8","69","100","7","6.000-6.999","100423","Elder Sign","7.313","6.313","6","1-8","2.3425","6.96759","","","System.Object[]","System.Object[]"
"2-4","70","100","7","6.000-6.999","140934","Arboretum","7.303","6.303","6","2-4","2.1133","7.24033","","","System.Object[]","System.Object[]"
"1-5","71","100","7","6.000-6.999","171273","FUSE","7.293","6.293","3","1-5","1.6647","6.98022","","","System.Object[]","System.Object[]"
"2-4","72","100","7","6.000-6.999","110277","Among the Stars","7.283","6.283","1","2-4","2.2377","7.00499","","","System.Object[]","System.Object[]"
"2-4","73","100","7","6.000-6.999","139976","Cthulhu Wars","7.272","6.272","1","2-4","3.1452","7.83204","","","System.Object[]","System.Object[]"
"1-4","74","100","7","6.000-6.999","343900","Senjutsu: Battle For Japan","7.262","6.262","1","1-4","2.9211","7.18833","","","System.Object[]","System.Object[]"
"2","75","100","7","6.000-6.999","255674","Imhotep: The Duel","7.252","6.252","2","2","1.9444","7.04273","","","Ancient","System.Object[]"
"2-5","76","100","7","6.000-6.999","209685","Century: Spice Road","7.242","6.242","15","2-5","1.804","7.28675","","","System.Object[]","System.Object[]"
"2-75","77","100","7","6.000-6.999","232524","Welcome to Dino World","7.232","6.232","2","2-75","2.375","6.71487","","","System.Object[]","System.Object[]"
"2","78","100","7","6.000-6.999","4396","Odin's Ravens","7.222","6.222","1","2","1.681","6.64579","","","System.Object[]","System.Object[]"
"2-4","79","100","7","6.000-6.999","256669","Scorpius Freighter","7.212","6.212","2","2-4","2.375","6.89123","","","System.Object[]","System.Object[]"
"2-8","80","100","7","6.000-6.999","192291","Sushi Go Party!","7.202","6.202","2","2-8","1.3248","7.37266","","","System.Object[]","System.Object[]"
"2-6","81","100","7","6.000-6.999","28086","Age of War","7.192","6.192","1","2-6","1.1527","6.43802","","","System.Object[]","System.Object[]"
"2-4","82","100","7","6.000-6.999","287954","Azul: Summer Pavilion","7.182","6.182","1","2-4","2.0738","7.567","","","System.Object[]","System.Object[]"
"2-5","83","100","7","6.000-6.999","110327","Lords of Waterdeep","7.172","6.172","1","2-5","2.449","7.72987","","","System.Object[]","System.Object[]"
"1-4","84","100","7","6.000-6.999","312484","Lost Ruins of Arnak","7.161","6.161","1","1-4","2.9313","8.08242","","","System.Object[]","System.Object[]"
"2-5","85","100","7","6.000-6.999","281152","On the Underground: London / Berlin","7.151","6.151","1","2-5","2.3158","7.20485","","","System.Object[]","System.Object[]"
"1-5","86","100","7","6.000-6.999","180040","Villages of Valeria","7.141","6.141","1","1-5","2.3103","6.9661","","","System.Object[]","System.Object[]"
"1-4","87","100","7","6.000-6.999","163602","XCOM: The Board Game","7.131","6.131","1","1-4","2.9121","6.97629","","","System.Object[]","System.Object[]"
"1-4","88","100","7","6.000-6.999","189660","XenoShyft: Dreadmire","7.121","6.121","2","1-4","2.6857","7.12438","","","System.Object[]","System.Object[]"
"2-6","89","100","7","6.000-6.999","256382","Disney Villainous: The Worst Takes it All","7.111","6.111","5","2-6","2.4818","6.90983","","","System.Object[]","System.Object[]"
"2-7","90","100","7","6.000-6.999","68448","7 Wonders","7.101","6.101","9","2-7","2.3144","7.66257","","","System.Object[]","System.Object[]"
"4-6","91","100","7","6.000-6.999","205716","New Angeles","7.091","6.091","1","4-6","3.2212","7.05075","","","System.Object[]","System.Object[]"
"2-5","92","100","7","6.000-6.999","120677","Terra Mystica","7.081","6.081","8","2-5","3.9721","8.03315","","","System.Object[]","System.Object[]"
"1-4","93","100","7","6.000-6.999","267370","Cities: Skylines – The Board Game","7.071","6.071","2","1-4","2.4032","6.50508","","","System.Object[]","System.Object[]"
"2","94","100","7","6.000-6.999","290359","Undaunted: North Africa","7.061","6.061","2","2","2.3519","7.74002","","","System.Object[]","System.Object[]"
"1-4","95","100","7","6.000-6.999","185343","Anachrony","7.05","6.05","1","1-4","3.9983","8.0419","","","System.Object[]","System.Object[]"
"2-6","96","100","7","6.000-6.999","254632","Hyperspace","7.04","6.04","2","2-6","3.25","5.73988","Backed in 2018! ⚠️ Who the F knows!","","System.Object[]","System.Object[]"
"2-4","97","100","7","6.000-6.999","146910","Wildcatters","7.03","6.03","1","2-4","3.9787","7.59328","","","System.Object[]","System.Object[]"
"2-6","98","100","7","6.000-6.999","6249","Alhambra","7.02","6.02","3","2-6","2.0974","7.03565","","","System.Object[]","System.Object[]"
"1-6","99","100","7","6.000-6.999","366013","Heat: Pedal to the Metal","7.01","6.01","2","1-6","2.2023","7.99698","","","System.Object[]","System.Object[]"
"2-4","100","100","7","6.000-6.999","144733","Russian Railroads","7","6","2","2-4","3.3961","7.72205","","","System.Object[]","System.Object[]"
"1-4","1","69","8","7.000-7.999","325494","ISS Vanguard","8.999","7.999","1","1-4","3.6677","8.32857","","","System.Object[]","System.Object[]"
"1-4","2","69","8","7.000-7.999","284378","Kanban EV","8.984","7.984","2","1-4","4.2955","8.37196","","","System.Object[]","System.Object[]"
"1-5","3","69","8","7.000-7.999","310100","Nemesis: Lockdown","8.969","7.97","2","1-5","3.9213","8.23651","Fantastic game","","System.Object[]","System.Object[]"
"1-4","4","69","8","7.000-7.999","184267","On Mars","8.954","7.955","5","1-4","4.6241","8.15821","","","System.Object[]","System.Object[]"
"4-9","5","69","8","7.000-7.999","202426","Sidereal Confluence","8.939","7.94","3","4-9","3.5636","7.75754","","","System.Object[]","System.Object[]"
"2-6","6","69","8","7.000-7.999","250467","Red Alert: Space Fleet Warfare","8.924","7.926","3","2-6","2.3529","7.7544","","","System.Object[]","System.Object[]"
"2-4","7","69","8","7.000-7.999","237179","Weather Machine","8.91","7.911","6","2-4","4.5664","7.67414","","","System.Object[]","System.Object[]"
"2-4","8","69","8","7.000-7.999","299450","Tsukuyumi: Full Moon Down (Second Edition)","8.895","7.896","2","2-4","3.6552","7.50901","","","System.Object[]","System.Object[]"
"2-4","9","69","8","7.000-7.999","155065","Lifeform","8.88","7.881","3","2-4","3.0667","7.16987","","","System.Object[]","System.Object[]"
"2-5","10","69","8","7.000-7.999","172047","The Others","8.865","7.867","1","2-5","3.0565","7.2846","","","System.Object[]","System.Object[]"
"1-4","11","69","8","7.000-7.999","292126","Excavation Earth","8.85","7.852","2","1-4","3.8077","7.09842","","","System.Object[]","System.Object[]"
"1-4","12","69","8","7.000-7.999","349948","Ceres","8.835","7.837","2","1-4","3.2157","7.61114","","","System.Object[]","System.Object[]"
"1-4","13","69","8","7.000-7.999","216132","Clans of Caledonia","8.82","7.823","21","1-4","3.4662","7.94174","","","System.Object[]","System.Object[]"
"2-4","14","69","8","7.000-7.999","321608","Hegemony: Lead Your Class to Victory","8.805","7.808","3","2-4","4.256","8.35491","","","System.Object[]","System.Object[]"
"2-4","15","69","8","7.000-7.999","260923","Titan","8.79","7.793","1","2-4","3.5","6.94912","","","System.Object[]","System.Object[]"
"2-4","16","69","8","7.000-7.999","115746","War of the Ring: Second Edition","8.775","7.779","1","2-4","4.2321","8.55324","","","System.Object[]","System.Object[]"
"2-4","17","69","8","7.000-7.999","356414","Space Station Phoenix","8.76","7.764","6","2-4","3.0462","7.3648","","","System.Object[]","System.Object[]"
"2-4","18","69","8","7.000-7.999","228341","Pulsar 2849","8.746","7.749","3","2-4","3.3385","7.63028","","","System.Object[]","System.Object[]"
"1-5","19","69","8","7.000-7.999","373600","Cthulhu: Death May Die – Fear of the Unknown","8.731","7.735","1","1-5","2.7083","8.69872","EU Hub: The containers should arrive at the Hub between August 3 and August 10.","","System.Object[]","System.Object[]"
"1-6","20","69","8","7.000-7.999","257089","Big Trouble in Little China: The Game – Deluxe Edition","8.716","7.72","4","1-6","3","7.75307","","","System.Object[]","System.Object[]"
"1-4","21","69","8","7.000-7.999","266810","Paladins of the West Kingdom","8.701","7.705","2","1-4","3.7046","7.95151","","","Medieval","System.Object[]"
"1-4","22","69","8","7.000-7.999","306481","Tawantinsuyu: The Inca Empire","8.686","7.69","3","1-4","4.0954","7.36764","","","System.Object[]","System.Object[]"
"1-4","23","69","8","7.000-7.999","220308","Gaia Project","8.671","7.676","12","1-4","4.4037","8.34642","","","System.Object[]","System.Object[]"
"2-5","24","69","8","7.000-7.999","218509","Empires of the Void II","8.656","7.661","3","2-5","3.5","7.4344","","","System.Object[]","System.Object[]"
"2-6","25","69","8","7.000-7.999","233868","HATE","8.641","7.646","1","2-6","2.4878","7.65249","","","System.Object[]","System.Object[]"
"2-4","26","69","8","7.000-7.999","126163","Tzolk'in: The Mayan Calendar","8.626","7.632","4","2-4","3.663","7.84233","","","System.Object[]","System.Object[]"
"1-6","27","69","8","7.000-7.999","257499","Arkham Horror (Third Edition)","8.611","7.617","3","1-6","3.375","7.67823","","","System.Object[]","System.Object[]"
"2-4","28","69","8","7.000-7.999","317985","Beyond the Sun","8.596","7.602","6","2-4","3.1536","7.85916","","","System.Object[]","System.Object[]"
"2-4","29","69","8","7.000-7.999","265188","Glen More II: Chronicles","8.582","7.588","4","2-4","3.0029","7.85204","","","System.Object[]","System.Object[]"
"2-4","30","69","8","7.000-7.999","172287","Champions of Midgard","8.567","7.573","7","2-4","2.6195","7.70167","","","System.Object[]","System.Object[]"
"2-4","31","69","8","7.000-7.999","220792","The Expanse Board Game","8.552","7.558","6","2-4","2.8036","7.16649","","","System.Object[]","System.Object[]"
"1-5","32","69","8","7.000-7.999","167791","Terraforming Mars","8.537","7.544","15","1-5","3.2722","8.33107","","","System.Object[]","System.Object[]"
"1-4","33","69","8","7.000-7.999","350458","Terracotta Army","8.522","7.529","1","1-4","3.3981","7.37607","","","System.Object[]","System.Object[]"
"1-5","34","69","8","7.000-7.999","270239","Moonrakers","8.507","7.514","1","1-5","2.4725","7.69466","","","System.Object[]","System.Object[]"
"2-4","35","69","8","7.000-7.999","262941","Dominant Species: Marine","8.492","7.5","2","2-4","3.6962","7.8483","","","System.Object[]","System.Object[]"
"3-5","36","69","8","7.000-7.999","39463","Cosmic Encounter","8.477","7.485","8","3-5","2.5831","7.50502","","","System.Object[]","System.Object[]"
"2-4","37","69","8","7.000-7.999","155821","Inis","8.462","7.47","5","2-4","2.9471","7.81605","","","System.Object[]","System.Object[]"
"1-2","38","69","8","7.000-7.999","205637","Arkham Horror: The Card Game","8.447","7.455","1","1-2","3.568","8.11725","","","System.Object[]","System.Object[]"
"1-8","39","69","8","7.000-7.999","295293","The Thing: The Boardgame","8.432","7.441","1","1-8","2.958","7.61886","","","System.Object[]","System.Object[]"
"1-4","40","69","8","7.000-7.999","408253","Tiny Epic Cthulhu: Deluxe Edition","8.417","7.426","1","1-4","3","7.2741","November 2024","","System.Object[]","System.Object[]"
"2-4","41","69","8","7.000-7.999","417197","Rebirth","8.403","7.411","3","2-4","1.9722","7.76713","September 2024","","System.Object[]","System.Object[]"
"1-5","42","69","8","7.000-7.999","236457","Architects of the West Kingdom","8.388","7.397","13","1-5","2.7629","7.70238","","","System.Object[]","System.Object[]"
"1-4","43","69","8","7.000-7.999","198609","Fate of the Elder Gods","8.373","7.382","1","1-4","2.8276","7.21527","","","System.Object[]","System.Object[]"
"1-4","44","69","8","7.000-7.999","138161","Firefly: The Game","8.358","7.367","3","1-4","2.9542","7.38143","","","System.Object[]","System.Object[]"
"2-6","45","69","8","7.000-7.999","62219","Dominant Species","8.343","7.353","1","2-6","4.0447","7.80192","","","System.Object[]","System.Object[]"
"1-8","46","69","8","7.000-7.999","146021","Eldritch Horror","8.328","7.338","1","1-8","3.3168","7.7437","","","System.Object[]","System.Object[]"
"1-4","47","69","8","7.000-7.999","328871","Terraforming Mars: Ares Expedition","8.313","7.323","3","1-4","2.9273","7.6299","","","System.Object[]","System.Object[]"
"2-4","48","69","8","7.000-7.999","319966","The King Is Dead: Second Edition","8.298","7.309","2","2-4","2.1686","7.58383","","","System.Object[]","System.Object[]"
"2-4","49","69","8","7.000-7.999","172996","The King Is Dead","8.298","7.294","1","2-4","2.4478","7.09728","","","System.Object[]","System.Object[]"
"2","50","69","8","7.000-7.999","312251","Curious Cargo","8.283","7.279","2","2","3.2035","6.9779","","","System.Object[]","System.Object[]"
"1-2","51","69","8","7.000-7.999","329148","Hunted: Wode Ridge","8.268","7.264","1","1-2","1.8","7.00186","","","System.Object[]","System.Object[]"
"1-2","52","69","8","7.000-7.999","289565","Hunted: Mining Colony 415","8.253","7.25","4","1-2","1.8182","6.8847","","","System.Object[]","System.Object[]"
"1-5","53","69","8","7.000-7.999","169786","Scythe","8.239","7.235","7","1-5","3.452","8.09513","","","System.Object[]","System.Object[]"
"2-5","54","69","8","7.000-7.999","242302","Space Base","8.224","7.22","8","2-5","2.1363","7.54034","","","System.Object[]","System.Object[]"
"2","55","69","8","7.000-7.999","326485","Cthulhu Wars: Duel","8.209","7.206","3","2","2.8889","6.94671","","","System.Object[]","System.Object[]"
"3-5","56","69","8","7.000-7.999","3076","Puerto Rico","8.194","7.191","12","3-5","3.2658","7.89677","","","System.Object[]","System.Object[]"
"1-6","57","69","8","7.000-7.999","281258","Sub Terra II: Inferno's Edge","8.179","7.176","2","1-6","2.1562","7.4781","Probably never delivered!","","System.Object[]","System.Object[]"
"1","58","69","8","7.000-7.999","296237","Warp's Edge","8.164","7.162","3","1","2.3836","7.63204","","","Science Fiction","System.Object[]"
"2","59","69","8","7.000-7.999","298572","Cosmic Encounter Duel","8.149","7.147","2","2","2.4545","6.53762","","","System.Object[]","System.Object[]"
"1-2","60","69","8","7.000-7.999","247236","Duelosaur Island","8.134","7.132","3","1-2","2.3803","7.01294","","","System.Object[]","System.Object[]"
"2-5","61","69","8","7.000-7.999","232832","Century: Golem Edition","8.119","7.118","22","2-5","1.7167","7.57569","","","System.Object[]","System.Object[]"
"2-4","62","69","8","7.000-7.999","28143","Race for the Galaxy","8.104","7.103","16","2-4","2.9933","7.73678","","","System.Object[]","System.Object[]"
"2-5","63","69","8","7.000-7.999","224783","Vindication","8.089","7.088","2","2-5","3.0977","7.76278","","","System.Object[]","System.Object[]"
"2-4","64","69","8","7.000-7.999","9609","War of the Ring","8.075","7.073","2","2-4","3.8496","7.7798","","","System.Object[]","System.Object[]"
"3-4","65","69","8","7.000-7.999","43111","Chaos in the Old World","8.06","7.059","1","3-4","3.1968","7.6586","","","System.Object[]","System.Object[]"
"2-4","66","69","8","7.000-7.999","256730","Pipeline","8.045","7.044","3","2-4","3.9055","7.53552","","","System.Object[]","System.Object[]"
"1-4","67","69","8","7.000-7.999","247763","Underwater Cities","8.03","7.029","2","1-4","3.5897","8.03918","","","System.Object[]","System.Object[]"
"2-4","68","69","8","7.000-7.999","184921","Bunny Kingdom","8.015","7.015","1","2-4","2.3043","7.40814","","","System.Object[]","System.Object[]"
"1-4","69","69","8","7.000-7.999","160610","Thunderbirds","8","7","1","1-4","2.4706","7.51657","","","System.Object[]","System.Object[]"
"1-4","1","29","9","8.000-8.999","229853","Teotihuacan: City of Gods","9.999","8.999","38","1-4","3.783","7.82976","","","System.Object[]","System.Object[]"
"1-4","2","29","9","8.000-8.999","381715","Teotihuacan: City of Gods – Deluxe Master Set","9.999","8.963","2","1-4","3.9118","8.41282","September 2024 (soon)","","Ancient","System.Object[]"
"1-4","3","29","9","8.000-8.999","382518","Sankoré: The Pride of Mansa Musa","9.962","8.928","7","1-4","4.2554","7.94531","","","System.Object[]","System.Object[]"
"1-4","4","29","9","8.000-8.999","337627","Voidfall","9.925","8.892","13","1-4","4.6224","8.49857","","","System.Object[]","System.Object[]"
"1-4","5","29","9","8.000-8.999","367150","Dune: War for Arrakis","9.888","8.856","2","1-4","3.6453","8.48027","","","System.Object[]","System.Object[]"
"1-4","6","29","9","8.000-8.999","391137","Galactic Cruise","9.851","8.821","5","1-4","3.9808","8.28294","Production","","System.Object[]","System.Object[]"
"1-4","7","29","9","8.000-8.999","375459","Speakeasy","9.814","8.785","1","1-4","4.4328","8.42237","","","System.Object[]","System.Object[]"
"2-6","8","29","9","8.000-8.999","122842","Exodus: Proxima Centauri","9.777","8.749","6","2-6","3.6091","7.1338","","","System.Object[]","System.Object[]"
"1-4","9","29","9","8.000-8.999","297030","Tekhenu: Obelisk of the Sun","9.74","8.714","5","1-4","4.0702","7.65911","","","System.Object[]","System.Object[]"
"3-5","10","29","9","8.000-8.999","82222","Xia: Legends of a Drift System","9.703","8.678","5","3-5","3.2029","7.85298","","","System.Object[]","System.Object[]"
"1-4","11","29","9","8.000-8.999","304510","Pampero","9.666","8.642","1","1-4","3.9412","7.44434","? ship 29th July 2024","","System.Object[]","System.Object[]"
"1-4","12","29","9","8.000-8.999","347305","Inventions: Evolution of Ideas","9.629","8.607","5","1-4","4.5969","7.91321","","","System.Object[]","System.Object[]"
"1-5","13","29","9","8.000-8.999","348877","Lobotomy 2: Manhunt","9.592","8.571","2","1-5","3.1333","8.0114","","","System.Object[]","System.Object[]"
"2-4","14","29","9","8.000-8.999","358661","Andromeda's Edge","9.555","8.535","3","2-4","3.7445","8.23651","September 2024","","System.Object[]","System.Object[]"
"2-4","15","29","9","8.000-8.999","403150","World Order","9.518","8.5","2","2-4","3.7863","8.13963","","","System.Object[]","System.Object[]"
"2-6","16","29","9","8.000-8.999","246900","Eclipse: Second Dawn for the Galaxy","9.481","8.464","1","2-6","3.6688","8.38015","","","System.Object[]","System.Object[]"
"1-4","17","29","9","8.000-8.999","418059","SETI: Search for Extraterrestrial Intelligence","9.444","8.428","6","1-4","3.8357","8.41194","","","System.Object[]","System.Object[]"
"2-4","18","29","9","8.000-8.999","345868","Federation","9.407","8.392","16","2-4","3.759","7.81732","","","System.Object[]","System.Object[]"
"1-5","19","29","9","8.000-8.999","167355","Nemesis","9.37","8.357","2","1-5","3.4916","8.24282","","","System.Object[]","System.Object[]"
"1-4","20","29","9","8.000-8.999","425630","Baghdad: The City of Peace","9.333","8.321","2","1-4","3.2941","7.69137","","","System.Object[]","System.Object[]"
"1-5","21","29","9","8.000-8.999","253344","Cthulhu: Death May Die","9.296","8.285","6","1-5","2.4921","8.17822","","","System.Object[]","System.Object[]"
"2-5","22","29","9","8.000-8.999","380707","Vindication: Archive of the Ancients","9.259","8.25","2","2-5","3","8.57805","","","Fantasy","System.Object[]"
"2-4","23","29","9","8.000-8.999","290484","Unsettled","9.222","8.214","2","2-4","3.2879","8.04595","","","System.Object[]","System.Object[]"
"1","24","29","9","8.000-8.999","277659","Final Girl","9.185","8.178","1","1","2.7603","8.20805","","","System.Object[]","System.Object[]"
"3-6","25","29","9","8.000-8.999","37111","Battlestar Galactica: The Board Game","9.148","8.143","1","3-6","3.2513","7.73108","","","System.Object[]","System.Object[]"
"1-6","26","29","9","8.000-8.999","270408","Exodus Chronicles","9.111","8.107","0","1-6",,"6.01925","","","System.Object[]","System.Object[]"
"2-6","27","29","9","8.000-8.999","72125","Eclipse: New Dawn for the Galaxy","9.074","8.071","2","2-6","3.7061","7.81662","","","System.Object[]","System.Object[]"
"2-5","28","29","9","8.000-8.999","132531","Roll for the Galaxy","9.037","8.036","7","2-5","2.7841","7.56405","","","System.Object[]","System.Object[]"
"1-4","29","29","9","8.000-8.999","329500","Unconscious Mind","9","8","1","1-4","4.0232","7.87333","","","System.Object[]","System.Object[]"
