"group_key","bgg_id","name","current_rating","num_plays","players","complexity","bgg_rating","bgg_comment","notes","categories","mechanics"
"1-4","298635","Alice's Garden","0","1","1-4","1.4333","7.1082","","","Novel-based Territory Building","Grid Coverage I Cut, You Choose Open Drafting Tile Placement"
"1-4","407318","Cascadia: Rolling Rivers","0","1","1-4","1.9286","7.16683","","","American West Animals Dice Environmental Puzzle Territory Building","Contracts Dice Rolling End Game Bonuses Hexagon Grid Line Drawing Market Multiple Maps Paper-and-Pencil Set Collection Solo / Solitaire Game Variable Set-up"
"1-4","231038","Dreamscape","0","1","1-4","3.1282","7.24271","","","Abstract Strategy Fantasy Puzzle","Action Points Pattern Building Point to Point Movement Set Collection Turn Order: Stat-Based"
"1-4","328479","Living Forest","0","1","1-4","2.2151","7.21642","","","Animals Card Game Environmental Fantasy Mythology Territory Building","Deck, Bag, and Pool Building Push Your Luck Race Simultaneous Action Selection Tile Placement"
"1-4","434367","Nippon: Zaibatsu","0","1","1-4","3.601","8.50447","","","Economic Industry / Manufacturing","Area Majority / Influence Contracts End Game Bonuses Income Open Drafting Solo / Solitaire Game Variable Set-up Worker Placement Worker Placement, Different Worker Types"
"1-4","419793","Pyramido: Forgotten Treasures","0","1","1-4","1.5","6.50038","","","Abstract Strategy Adventure Puzzle","Connections Layering Open Drafting Tile Placement"
"1-4","428099","Revenant","0","2","1-4","4.1558","7.91275","","","Science Fiction","Area Majority / Influence Hidden Victory Points Variable Player Powers Worker Placement"
"1-4","429895","Vestige","0","1","1-4","3","7.74003","","","Exploration Science Fiction","Area Majority / Influence End Game Bonuses Modular Board Variable Player Powers"
"1-5","140620","Lewis & Clark: The Expedition","0","1","1-5","3.3179","7.42869","","","Age of Reason American West Exploration Travel","Action Retrieval Deck, Bag, and Pool Building Delayed Purchase Hand Management Multi-Use Cards Open Drafting Race Resource to Move Solo / Solitaire Game Track Movement Worker Placement"
"1-5","381248","Nemesis: Retaliation","0","1","1-5","3.7794","8.66293","April 2025","","Exploration Fighting Horror Miniatures Science Fiction","Cooperative Game Dice Rolling Hidden Roles Modular Board Player Elimination Semi-Cooperative Game Solo / Solitaire Game Traitor Game Variable Player Powers"
"1-5","234277","Nusfjord","0","1","1-5","2.875","7.63361","","","Economic Nautical","Open Drafting Turn Order: Claim Action Worker Placement"
"1-6","248861","Metro X","0","1","1-6","1.7407","7.09202","","","Number Puzzle Trains","Bingo Network and Route Building Paper-and-Pencil Simultaneous Action Selection Solo / Solitaire Game"
"1-6","256589","Rallyman: GT","0","3","1-6","2.1972","7.09835","","","Racing Sports","Dice Rolling Different Dice Movement Grid Movement Hexagon Grid Modular Board Push Your Luck Race Roll / Spin and Move Simulation Solo / Solitaire Game"
"1-6","206327","The King's Guild","0","2","1-6","2.3556","7.01646","","","Fantasy Medieval","Hand Management Set Collection Variable Player Powers"
"2","379706","Quartermaster General: East Front","0","1","2","2.5625","7.24351","","","Wargame World War II","Area Movement Events Hand Management Interrupts Multi-Use Cards"
"2-12","2375","Sequence","0","1","2-12","1.3062","6.19323","","","Abstract Strategy Card Game","Hand Management Pattern Building Take That Team-Based Game"
"2-4","155987","Abyss","0","1","2-4","2.3201","7.31895","","","Card Game Fantasy Mythology Nautical","Auction / Bidding Hand Management Memory Open Drafting Push Your Luck Set Collection"
"2-4","54137","Battle Sheep","0","2","2-4","1.4639","6.59987","","","Abstract Strategy Animals","Enclosure Grid Movement Hexagon Grid Modular Board"
"2-4","296167","Boomerang: Australia","0","1","2-4","1.5263","6.83367","","","Card Game Travel","Closed Drafting End Game Bonuses Paper-and-Pencil Set Collection Simultaneous Action Selection Tags"
"2-4","269789","Caravan","0","1","2-4","1.7692","6.5601","","","Abstract Strategy Arabian","Action Points Grid Movement Pick-up and Deliver Take That"
"2-4","334320","Langskip","0","2","2-4",,"7.3","","","Bluffing","Race"
"2-4","143519","Quantum","0","1","2-4","2.4781","7.2204","","","Dice Fighting Science Fiction Space Exploration","Area Majority / Influence Dice Rolling Grid Movement Modular Board Square Grid"
"2-4","262712","Res Arcana","0","1","2-4","2.6566","7.60498","","","Card Game Fantasy","Hand Management Income Multi-Use Cards Open Drafting Race Score-and-Reset Game Take That Turn Order: Pass Order Variable Player Powers"
"2-4","108745","Seasons","0","2","2-4","2.7845","7.33016","","","Card Game Fantasy","Closed Drafting Dice Rolling Die Icon Resolution Hand Management Open Drafting Tags Take That Turn Order: Progressive Victory Points as a Resource"
"2-4","121015","Tea Time","0","1","2-4","1.2","5.81836","","","Card Game Novel-based","Set Collection"
"2-4","105037","Tournay","0","1","2-4","2.9","6.93697","","","Card Game City Building Economic Medieval","End Game Bonuses Events Hand Management Income Layering Modular Board Open Drafting Worker Placement Worker Placement, Different Worker Types"
"2-5","199383","Calimala","0","1","2-5","2.8039","7.31661","","","Economic Industry / Manufacturing Medieval Renaissance Transportation Travel","Area Majority / Influence End Game Bonuses Modular Board Order Counters Variable Set-up"
"2-5","4390","Carcassonne: Hunters and Gatherers","0","3","2-5","1.9223","7.13052","","","Prehistoric Territory Building","Area Majority / Influence Enclosure Kill Steal Map Addition Pattern Building Square Grid Tile Placement"
"2-5","5782","Coloretto","0","2","2-5","1.2694","6.98196","","","Animals Card Game","Open Drafting Push Your Luck Set Collection Turn Order: Pass Order"
"2-5","264055","Draftosaurus","0","3","2-5","1.2412","7.07944","","","Animals Dice Prehistoric Science Fiction","Closed Drafting Dice Rolling Die Icon Resolution Set Collection Simultaneous Action Selection"
"2-5","221230","Farlight","0","1","2-5","2.4762","6.78716","","","Bluffing Dice Science Fiction Space Exploration","Auction / Bidding Dice Rolling Open Drafting Tile Placement Worker Placement"
"2-5","207336","Honshū","0","1","2-5","1.9245","6.87946","","","Card Game City Building Territory Building","Auction / Bidding Closed Drafting End Game Bonuses Hand Management Layering Melding and Splaying Pattern Building Selection Order Bid Trick-taking Variable Set-up"
"2-5","148205","Penny Press","0","1","2-5","2.1944","6.4345","","","Industry / Manufacturing","Area Majority / Influence Auction / Bidding Worker Placement"
"2-5","358284","Rome in a Day","0","1","2-5","1.7097","6.97832","","","Medieval Territory Building","Hexagon Grid I Cut, You Choose Income Simultaneous Action Selection Tile Placement"
"2-5","162263","Temporum","0","1","2-5","2.1698","6.34682","","","Age of Reason Ancient Card Game Medieval Science Fiction","Area Majority / Influence Hand Management Modular Board Point to Point Movement"
"2-6","173442","Empires: Age of Discovery","0","1","2-6","3.3125","7.81072","","","Civilization Exploration Renaissance","Area Majority / Influence Set Collection Variable Player Powers Worker Placement Worker Placement, Different Worker Types"
"2-6","88594","Eruption","0","1","2-6","2.0172","6.07574","","","Abstract Strategy","Dice Rolling Team-Based Game Tile Placement"
"2-6","155703","Evolution","0","1","2-6","2.4305","6.99914","","","Animals Card Game Educational Environmental Prehistoric Print & Play","Action Points Hand Management Push Your Luck Simulation Simultaneous Action Selection Take That Turn Order: Progressive"
"2-6","122515","Keyflower","0","1","2-6","3.3308","7.7073","","","City Building Economic Renaissance Territory Building Transportation","Auction / Bidding Auction: Fixed Placement Auction: Multiple Lot Constrained Bidding End Game Bonuses Modular Board Network and Route Building Ownership Pick-up and Deliver Selection Order Bid Set Collection Tile Placement Turn Order: Auction Variable Set-up Worker Placement Worker Placement, Different Worker Types"
"2-6","2136","Pachisi","0","1","2-6","1.1747","4.53843","","","Children's Game","Dice Rolling Race Roll / Spin and Move Static Capture Take That Team-Based Game Track Movement"
"3-10","9220","Saboteur","0","1","3-10","1.3156","6.53748","","","Bluffing Card Game Deduction Exploration Fantasy Party Game","Hand Management Hidden Roles Hidden Victory Points Map Addition Network and Route Building Score-and-Reset Game Take That Traitor Game"
"3-6","176803","Overseers","0","1","3-6","2","6.59439","","","Bluffing Card Game","Open Drafting Set Collection Variable Player Powers Voting"
"3-6","75358","SNCF: France & Germany","0","1","3-6","1.8144","6.6603","","","Economic Trains","Chaining Connections Hexagon Grid Hidden Victory Points Network and Route Building Stock Holding"
"3-8","40004","Contract Rummy","0","2","3-8","1.7059","6.35982","","","Card Game","Hand Management Set Collection"
"3-8","225694","Decrypto","0","1","3-8","1.8253","7.7627","","","Deduction Party Game Spies / Secret Agents Word Game","Communication Limits Paper-and-Pencil Targeted Clues Team-Based Game"
"3-8","15512","Diamant","0","1","3-8","1.1133","6.84943","","","Bluffing Card Game Exploration","Move Through Deck Push Your Luck Simultaneous Action Selection"
