"tier","base_bgg_id","base_name","expansion_id","expansion_name","is_fan","is_promo"
"S","358661","Andromeda's Edge","379786","Andromeda's Edge: Escalation","False","False"
"S","358661","Andromeda's Edge","452835","Andromeda's Edge: Genesis","False","False"
"A","236457","Architects of the West Kingdom","285235","Architects of the West Kingdom: Age of Artisans","False","False"
"A","236457","Architects of the West Kingdom","312753","Architects of the West Kingdom: Jugador","False","False"
"A","236457","Architects of the West Kingdom","304625","Architects of the West Kingdom: King Dan","False","False"
"A","236457","Architects of the West Kingdom","289464","Architects of the West Kingdom: King's Table Top","False","False"
"A","236457","Architects of the West Kingdom","274783","Architects of the West Kingdom: Paladins Apprentices","False","False"
"A","236457","Architects of the West Kingdom","295038","Architects of the West Kingdom: Racketeer","False","False"
"A","236457","Architects of the West Kingdom","330371","Architects of the West Kingdom: Suzerain","False","False"
"A","236457","Architects of the West Kingdom","327245","Architects of the West Kingdom: Works of Wonder","False","False"
"A","236457","Architects of the West Kingdom","290834","Level Up Loot 2","False","False"
"A","236457","Architects of the West Kingdom","296152","The West Kingdom Tomesaga","False","False"
"A","257499","Arkham Horror (Third Edition)","325625","Arkham Horror (Third Edition): Recursive Echoes","False","False"
"A","205637","Arkham Horror: The Card Game","327293","Arkham Horror: The Card Game – A Light in the Fog: Mythos Pack","False","False"
"A","205637","Arkham Horror: The Card Game","235542","Arkham Horror: The Card Game – A Phantom of Truth: Mythos Pack","False","False"
"A","205637","Arkham Horror: The Card Game","288607","Arkham Horror: The Card Game – A Thousand Shapes of Horror: Mythos Pack","False","False"
"A","205637","Arkham Horror: The Card Game","317014","Arkham Horror: The Card Game – All or Nothing: Challenge Scenario","False","False"
"A","205637","Arkham Horror: The Card Game","432297","Arkham Horror: The Card Game – Aura of Faith: Parallel Investigator","False","False"
"A","205637","Arkham Horror: The Card Game","326045","Arkham Horror: The Card Game – Bad Blood: Challenge Scenario","False","False"
"A","205637","Arkham Horror: The Card Game","276291","Arkham Horror: The Card Game – Before the Black Throne: Mythos Pack","False","False"
"A","205637","Arkham Horror: The Card Game","239330","Arkham Horror: The Card Game – Black Stars Rise: Mythos Pack","False","False"
"A","205637","Arkham Horror: The Card Game","340953","Arkham Horror: The Card Game – By the Book: Challenge Scenario","False","False"
"A","205637","Arkham Horror: The Card Game","215510","Arkham Horror: The Card Game – Carnevale of Horrors: Scenario Pack","False","False"
"A","205637","Arkham Horror: The Card Game","209728","Arkham Horror: The Card Game – Curse of the Rougarou: Scenario Pack","False","False"
"A","205637","Arkham Horror: The Card Game","291559","Arkham Horror: The Card Game – Dark Side of the Moon: Mythos Pack","False","False"
"A","205637","Arkham Horror: The Card Game","318023","Arkham Horror: The Card Game – Devil Reef: Mythos Pack","False","False"
"A","205637","Arkham Horror: The Card Game","242088","Arkham Horror: The Card Game – Dim Carcosa: Mythos Pack","False","False"
"A","205637","Arkham Horror: The Card Game","228778","Arkham Horror: The Card Game – Echoes of the Past: Mythos Pack","False","False"
"A","205637","Arkham Horror: The Card Game","448054","Arkham Horror: The Card Game – Film Fatale: Scenario Pack","False","False"
"A","205637","Arkham Horror: The Card Game","267974","Arkham Horror: The Card Game – For the Greater Good: Mythos Pack","False","False"
"A","205637","Arkham Horror: The Card Game","372720","Arkham Horror: The Card Game – Fortune and Folly: Scenario Pack","False","False"
"A","205637","Arkham Horror: The Card Game","252899","Arkham Horror: The Card Game – Guardians of the Abyss: Scenario Pack","False","False"
"A","205637","Arkham Horror: The Card Game","305512","Arkham Horror: The Card Game – Harvey Walters: Investigator Starter Deck","False","False"
"A","205637","Arkham Horror: The Card Game","251733","Arkham Horror: The Card Game – Heart of the Elders: Mythos Pack","False","False"
"A","205637","Arkham Horror: The Card Game","324765","Arkham Horror: The Card Game – Horror in High Gear: Mythos Pack","False","False"
"A","205637","Arkham Horror: The Card Game","420615","Arkham Horror: The Card Game – Hunting for Answers: Parallel Investigator","False","False"
"A","205637","Arkham Horror: The Card Game","272752","Arkham Horror: The Card Game – In The Clutches of Chaos: Mythos Pack","False","False"
"A","205637","Arkham Horror: The Card Game","318022","Arkham Horror: The Card Game – In Too Deep: Mythos Pack","False","False"
"A","205637","Arkham Horror: The Card Game","328627","Arkham Horror: The Card Game – Into the Maelstrom: Mythos Pack","False","False"
"A","205637","Arkham Horror: The Card Game","305517","Arkham Horror: The Card Game – Jacqueline Fine: Investigator Starter Deck","False","False"
"A","205637","Arkham Horror: The Card Game","405995","Arkham Horror: The Card Game – Laid to Rest: Challenge Scenario","False","False"
"A","205637","Arkham Horror: The Card Game","347147","Arkham Horror: The Card Game – Machinations Through Time: Scenario Pack","False","False"
"A","205637","Arkham Horror: The Card Game","284354","Arkham Horror: The Card Game – Murder at the Excelsior Hotel: Scenario Pack","False","False"
"A","205637","Arkham Horror: The Card Game","305509","Arkham Horror: The Card Game – Nathaniel Cho: Investigator Starter Deck","False","False"
"A","205637","Arkham Horror: The Card Game","397102","Arkham Horror: The Card Game – On the Road Again: Parallel Investigator","False","False"
"A","205637","Arkham Horror: The Card Game","394077","Arkham Horror: The Card Game – Out of the Void Investigator Pack","False","False"
"A","205637","Arkham Horror: The Card Game","405996","Arkham Horror: The Card Game – Path of the Righteous: Parallel Investigator","False","False"
"A","205637","Arkham Horror: The Card Game","439466","Arkham Horror: The Card Game – Pistols and Pearls: Parallel Investigator","False","False"
"A","205637","Arkham Horror: The Card Game","293271","Arkham Horror: The Card Game – Point of No Return: Mythos Pack","False","False"
"A","205637","Arkham Horror: The Card Game","309374","Arkham Horror: The Card Game – Read or Die: Challenge Scenario","False","False"
"A","205637","Arkham Horror: The Card Game","354504","Arkham Horror: The Card Game – Red Tide Rising: Challenge Scenario","False","False"
"A","205637","Arkham Horror: The Card Game","415432","Arkham Horror: The Card Game – Relics of the Past: Challenge Scenario","False","False"
"A","205637","Arkham Horror: The Card Game","333025","Arkham Horror: The Card Game – Return to the Circle Undone","False","False"
"A","205637","Arkham Horror: The Card Game","260311","Arkham Horror: The Card Game – Return to the Dunwich Legacy","False","False"
"A","205637","Arkham Horror: The Card Game","302213","Arkham Horror: The Card Game – Return to the Forgotten Age","False","False"
"A","205637","Arkham Horror: The Card Game","244145","Arkham Horror: The Card Game – Return to the Night of the Zealot","False","False"
"A","205637","Arkham Horror: The Card Game","279196","Arkham Horror: The Card Game – Return to the Path to Carcosa","False","False"
"A","205637","Arkham Horror: The Card Game","257240","Arkham Horror: The Card Game – Shattered Aeons: Mythos Pack","False","False"
"A","205637","Arkham Horror: The Card Game","305518","Arkham Horror: The Card Game – Stella Clark: Investigator Starter Deck","False","False"
"A","205637","Arkham Horror: The Card Game","405997","Arkham Horror: The Card Game – The Blob That Ate Everything ELSE!","False","False"
"A","205637","Arkham Horror: The Card Game","280714","Arkham Horror: The Card Game – The Blob That Ate Everything: Scenario Pack","False","False"
"A","205637","Arkham Horror: The Card Game","249772","Arkham Horror: The Card Game – The Boundary Beyond: Mythos Pack","False","False"
"A","205637","Arkham Horror: The Card Game","382510","Arkham Horror: The Card Game – The Circle Undone: Campaign Expansion","False","False"
"A","205637","Arkham Horror: The Card Game","382509","Arkham Horror: The Card Game – The Circle Undone: Investigator Expansion","False","False"
"A","205637","Arkham Horror: The Card Game","254122","Arkham Horror: The Card Game – The City of Archives: Mythos Pack","False","False"
"A","205637","Arkham Horror: The Card Game","255900","Arkham Horror: The Card Game – The Depths of Yoth: Mythos Pack","False","False"
"A","205637","Arkham Horror: The Card Game","414602","Arkham Horror: The Card Game – The Dream-Eaters: Campaign Expansion","False","False"
"A","205637","Arkham Horror: The Card Game","281541","Arkham Horror: The Card Game – The Dream-Eaters: Expansion","False","False"
"A","205637","Arkham Horror: The Card Game","414695","Arkham Horror: The Card Game – The Dream-Eaters: Investigator Expansion","False","False"
"A","205637","Arkham Horror: The Card Game","428879","Arkham Horror: The Card Game – The Drowned City: Campaign Expansion","False","False"
"A","205637","Arkham Horror: The Card Game","428880","Arkham Horror: The Card Game – The Drowned City: Investigator Expansion","False","False"
"A","205637","Arkham Horror: The Card Game","347149","Arkham Horror: The Card Game – The Dunwich Legacy: Campaign Expansion","False","False"
"A","205637","Arkham Horror: The Card Game","347148","Arkham Horror: The Card Game – The Dunwich Legacy: Investigator Expansion","False","False"
"A","205637","Arkham Horror: The Card Game","252896","Arkham Horror: The Card Game – The Eternal Slumber: Scenario Pack","False","False"
"A","205637","Arkham Horror: The Card Game","398893","Arkham Horror: The Card Game – The Feast of Hemlock Vale: Campaign Expansion","False","False"
"A","205637","Arkham Horror: The Card Game","398891","Arkham Horror: The Card Game – The Feast of Hemlock Vale: Investigator Expansion","False","False"
"A","205637","Arkham Horror: The Card Game","377055","Arkham Horror: The Card Game – The Forgotten Age: Campaign Expansion","False","False"
"A","205637","Arkham Horror: The Card Game","377056","Arkham Horror: The Card Game – The Forgotten Age: Investigator Expansion","False","False"
"A","205637","Arkham Horror: The Card Game","429274","Arkham Horror: The Card Game – The Innsmouth Conspiracy: Campaign Expansion","False","False"
"A","205637","Arkham Horror: The Card Game","308592","Arkham Horror: The Card Game – The Innsmouth Conspiracy: Expansion","False","False"
"A","205637","Arkham Horror: The Card Game","428491","Arkham Horror: The Card Game – The Innsmouth Conspiracy: Investigator Expansion","False","False"
"A","205637","Arkham Horror: The Card Game","233977","Arkham Horror: The Card Game – The Labyrinths of Lunacy: Scenario Pack","False","False"
"A","205637","Arkham Horror: The Card Game","327294","Arkham Horror: The Card Game – The Lair of Dagon: Mythos Pack","False","False"
"A","205637","Arkham Horror: The Card Game","424487","Arkham Horror: The Card Game – The Midwinter Gala: Scenario Pack","False","False"
"A","205637","Arkham Horror: The Card Game","252897","Arkham Horror: The Card Game – The Night's Usurper: Scenario Pack","False","False"
"A","205637","Arkham Horror: The Card Game","237234","Arkham Horror: The Card Game – The Pallid Mask: Mythos Pack","False","False"
"A","205637","Arkham Horror: The Card Game","358212","Arkham Horror: The Card Game – The Path to Carcosa: Campaign Expansion","False","False"
"A","205637","Arkham Horror: The Card Game","225563","Arkham Horror: The Card Game – The Path to Carcosa: Expansion","False","False"
"A","205637","Arkham Horror: The Card Game","358213","Arkham Horror: The Card Game – The Path to Carcosa: Investigator Expansion","False","False"
"A","205637","Arkham Horror: The Card Game","366215","Arkham Horror: The Card Game – The Scarlet Keys: Campaign Expansion","False","False"
"A","205637","Arkham Horror: The Card Game","366213","Arkham Horror: The Card Game – The Scarlet Keys: Investigator Expansion","False","False"
"A","205637","Arkham Horror: The Card Game","286257","Arkham Horror: The Card Game – The Search for Kadath: Mythos Pack","False","False"
"A","205637","Arkham Horror: The Card Game","264459","Arkham Horror: The Card Game – The Secret Name: Mythos Pack","False","False"
"A","205637","Arkham Horror: The Card Game","230510","Arkham Horror: The Card Game – The Unspeakable Oath: Mythos Pack","False","False"
"A","205637","Arkham Horror: The Card Game","266377","Arkham Horror: The Card Game – The Wages of Sin: Mythos Pack","False","False"
"A","205637","Arkham Horror: The Card Game","247718","Arkham Horror: The Card Game – Threads of Fate: Mythos Pack","False","False"
"A","205637","Arkham Horror: The Card Game","271056","Arkham Horror: The Card Game – Union and Disillusion: Mythos Pack","False","False"
"A","205637","Arkham Horror: The Card Game","321101","Arkham Horror: The Card Game – War of the Outer Gods: Scenario Pack","False","False"
"A","205637","Arkham Horror: The Card Game","297471","Arkham Horror: The Card Game – Weaver of the Cosmos: Mythos Pack","False","False"
"A","205637","Arkham Horror: The Card Game","297200","Arkham Horror: The Card Game – Where the Gods Dwell: Mythos Pack","False","False"
"A","205637","Arkham Horror: The Card Game","305513","Arkham Horror: The Card Game – Winifred Habbamock: Investigator Starter Deck","False","False"
"A","205637","Arkham Horror: The Card Game","295594","Barkham Horror: The Card Game – The Meddling of Meowlathotep: Scenario Pack","False","False"
"S","37111","Battlestar Galactica: The Board Game","141648","Battlestar Galactica: The Board Game – Daybreak Expansion","False","False"
"S","37111","Battlestar Galactica: The Board Game","85905","Battlestar Galactica: The Board Game – Exodus Expansion","False","False"
"S","37111","Battlestar Galactica: The Board Game","43539","Battlestar Galactica: The Board Game – Pegasus Expansion","False","False"
"A","317985","Beyond the Sun","378291","Beyond the Sun: Leaders of the New Dawn","False","False"
"A","232832","Century: Golem Edition","311200","Century: Golem Edition – Bonus Cards 1","False","False"
"A","232832","Century: Golem Edition","311201","Century: Golem Edition – Bonus Cards 2","False","False"
"A","172287","Champions of Midgard","262004","Champions of Midgard: Asian Monsters","False","False"
"A","172287","Champions of Midgard","245646","Champions of Midgard: Jarl Edition","False","False"
"A","172287","Champions of Midgard","453582","Champions of Midgard: Solo Mode","False","False"
"A","172287","Champions of Midgard","219787","Champions of Midgard: The Dark Mountains","False","False"
"A","172287","Champions of Midgard","219788","Champions of Midgard: Valhalla","False","False"
"A","172287","Champions of Midgard","290345","Champions of Midgard: Valhalla – Kes Bakyr","False","False"
"A","172287","Champions of Midgard","344719","Чемпионы Мидгарда. Вальхалла и Тёмные горы","False","False"
"A","39463","Cosmic Encounter","380413","Cosmic Encounter: 8-player Combo Cards","False","False"
"A","39463","Cosmic Encounter","360372","Cosmic Encounter: Cosmic Odyssey","False","False"
"A","326485","Cthulhu Wars: Duel","336605","Cthulhu Wars: Duel – Family Reunion","False","False"
"S","253344","Cthulhu: Death May Die","434227","Cthulhu: Death May Die – Atlach-Nacha Elder One Box","False","False"
"S","253344","Cthulhu: Death May Die","256988","Cthulhu: Death May Die – Black Goat of the Woods","False","False"
"S","253344","Cthulhu: Death May Die","411558","Cthulhu: Death May Die – Dark Providence Investigators","False","False"
"S","253344","Cthulhu: Death May Die","434955","Cthulhu: Death May Die – Exclusive Insanities","False","False"
"S","253344","Cthulhu: Death May Die","435358","Cthulhu: Death May Die – Extra Campaigns","False","False"
"S","253344","Cthulhu: Death May Die","374972","Cthulhu: Death May Die – Fear of the Unknown: Animal Allies","False","False"
"S","253344","Cthulhu: Death May Die","454854","Cthulhu: Death May Die – Godzilla Rising","False","False"
"S","253344","Cthulhu: Death May Die","425623","Cthulhu: Death May Die – Godzilla Vs Cthulhu","False","False"
"S","253344","Cthulhu: Death May Die","374971","Cthulhu: Death May Die – Ithaqua the Wind-Walker","False","False"
"S","253344","Cthulhu: Death May Die","260936","Cthulhu: Death May Die – R'lyeh Rising","False","False"
"S","253344","Cthulhu: Death May Die","429775","Cthulhu: Death May Die – Robinson Crusoe Investigator","False","False"
"S","253344","Cthulhu: Death May Die","256987","Cthulhu: Death May Die – Scarlett Hayes","False","False"
"S","253344","Cthulhu: Death May Die","374590","Cthulhu: Death May Die – Season 4 Expansion","False","False"
"S","253344","Cthulhu: Death May Die","434938","Cthulhu: Death May Die – Season 6","False","False"
"S","253344","Cthulhu: Death May Die","256986","Cthulhu: Death May Die – Unspeakable Box","False","False"
"S","253344","Cthulhu: Death May Die","256985","Cthulhu: Death May Die – Yog–Sothoth","False","False"
"S","253344","Cthulhu: Death May Die","372781","Iron Maiden Pack #1","False","False"
"S","253344","Cthulhu: Death May Die","372782","Iron Maiden Pack #2","False","False"
"S","253344","Cthulhu: Death May Die","372783","Iron Maiden Pack #3","False","False"
"A","373600","Cthulhu: Death May Die – Fear of the Unknown","434227","Cthulhu: Death May Die – Atlach-Nacha Elder One Box","False","False"
"A","373600","Cthulhu: Death May Die – Fear of the Unknown","256988","Cthulhu: Death May Die – Black Goat of the Woods","False","False"
"A","373600","Cthulhu: Death May Die – Fear of the Unknown","375371","Cthulhu: Death May Die – Bonus Relic Cards","False","False"
"A","373600","Cthulhu: Death May Die – Fear of the Unknown","411558","Cthulhu: Death May Die – Dark Providence Investigators","False","False"
"A","373600","Cthulhu: Death May Die – Fear of the Unknown","434955","Cthulhu: Death May Die – Exclusive Insanities","False","False"
"A","373600","Cthulhu: Death May Die – Fear of the Unknown","435358","Cthulhu: Death May Die – Extra Campaigns","False","False"
"A","373600","Cthulhu: Death May Die – Fear of the Unknown","374972","Cthulhu: Death May Die – Fear of the Unknown: Animal Allies","False","False"
"A","373600","Cthulhu: Death May Die – Fear of the Unknown","425689","Cthulhu: Death May Die – Fear of the Unknown: R'lyeh Rising","False","False"
"A","373600","Cthulhu: Death May Die – Fear of the Unknown","454854","Cthulhu: Death May Die – Godzilla Rising","False","False"
"A","373600","Cthulhu: Death May Die – Fear of the Unknown","425623","Cthulhu: Death May Die – Godzilla Vs Cthulhu","False","False"
"A","373600","Cthulhu: Death May Die – Fear of the Unknown","374971","Cthulhu: Death May Die – Ithaqua the Wind-Walker","False","False"
"A","373600","Cthulhu: Death May Die – Fear of the Unknown","429775","Cthulhu: Death May Die – Robinson Crusoe Investigator","False","False"
"A","373600","Cthulhu: Death May Die – Fear of the Unknown","256987","Cthulhu: Death May Die – Scarlett Hayes","False","False"
"A","373600","Cthulhu: Death May Die – Fear of the Unknown","374590","Cthulhu: Death May Die – Season 4 Expansion","False","False"
"A","373600","Cthulhu: Death May Die – Fear of the Unknown","434938","Cthulhu: Death May Die – Season 6","False","False"
"A","373600","Cthulhu: Death May Die – Fear of the Unknown","375366","Cthulhu: Death May Die – Unknowable Box","False","False"
"A","373600","Cthulhu: Death May Die – Fear of the Unknown","256986","Cthulhu: Death May Die – Unspeakable Box","False","False"
"A","373600","Cthulhu: Death May Die – Fear of the Unknown","256985","Cthulhu: Death May Die – Yog–Sothoth","False","False"
"A","373600","Cthulhu: Death May Die – Fear of the Unknown","372781","Iron Maiden Pack #1","False","False"
"A","373600","Cthulhu: Death May Die – Fear of the Unknown","372782","Iron Maiden Pack #2","False","False"
"A","373600","Cthulhu: Death May Die – Fear of the Unknown","372783","Iron Maiden Pack #3","False","False"
"S","367150","Dune: War for Arrakis","446237","Dune: War for Arrakis - Ecological Testing Station Cards","False","False"
"S","367150","Dune: War for Arrakis","446802","Dune: War for Arrakis – Exclusive Extras","False","False"
"S","246900","Eclipse: Second Dawn for the Galaxy","356743","Eclipse: Neue Gefahren","False","False"
"S","246900","Eclipse: Second Dawn for the Galaxy","381603","Eclipse: Second Dawn for the Galaxy – Expanded Galaxy","False","False"
"S","246900","Eclipse: Second Dawn for the Galaxy","305954","Eclipse: Second Dawn for the Galaxy – Galactic Events","False","False"
"S","246900","Eclipse: Second Dawn for the Galaxy","375216","Eclipse: Second Dawn for the Galaxy – Gamemat","False","False"
"S","246900","Eclipse: Second Dawn for the Galaxy","305950","Eclipse: Second Dawn for the Galaxy – Minor Species","False","False"
"S","246900","Eclipse: Second Dawn for the Galaxy","368378","Eclipse: Second Dawn for the Galaxy – Outcasts","False","False"
"S","246900","Eclipse: Second Dawn for the Galaxy","366202","Eclipse: Second Dawn for the Galaxy – Remnants of Worlds Afar","False","False"
"S","246900","Eclipse: Second Dawn for the Galaxy","305955","Eclipse: Second Dawn for the Galaxy – Rift Cannon","False","False"
"S","246900","Eclipse: Second Dawn for the Galaxy","368377","Eclipse: Second Dawn for the Galaxy – Seekers","False","False"
"S","246900","Eclipse: Second Dawn for the Galaxy","294546","Eclipse: Second Dawn for the Galaxy – Supernova","False","False"
"S","246900","Eclipse: Second Dawn for the Galaxy","350921","Eclipse: Second Dawn for the Galaxy – Turn Order Variant","False","False"
"S","246900","Eclipse: Second Dawn for the Galaxy","381605","Eclipse: Second Dawn for the Galaxy – Warped Universe","False","False"
"S","246900","Eclipse: Second Dawn for the Galaxy","303298","Eclipse: Second Dawn for the Galaxy – Worlds Afar Collection","False","False"
"A","218509","Empires of the Void II","265664","Empires of the Void II: General Event Cards","False","False"
"A","218509","Empires of the Void II","274721","The Red Raven Fan Box #1","False","False"
"A","292126","Excavation Earth","328580","Excavation Earth: Pretty Boxes & Ancient Artefacts","False","False"
"S","122842","Exodus: Proxima Centauri","186955","Exodus: Edge of Extinction – Kickstarter Edition","False","False"
"S","122842","Exodus: Proxima Centauri","189970","Exodus: Edge of Extinction – Kickstarter Limited Action Cards","False","False"
"S","122842","Exodus: Proxima Centauri","189971","Exodus: Edge of Extinction – Kickstarter Limited Political Cards","False","False"
"S","122842","Exodus: Proxima Centauri","134231","Exodus: Generals","False","False"
"S","122842","Exodus: Proxima Centauri","265063","Exodus: Proxima Centauri – ECID-S14 Mini-Expansion","False","False"
"S","122842","Exodus: Proxima Centauri","237410","Exodus: Proxima Centauri – Ymnighet Mini-Expansion","False","False"
"A","198609","Fate of the Elder Gods","232966","Fate of the Elder Gods: Azathoth","False","False"
"A","198609","Fate of the Elder Gods","245975","Fate of the Elder Gods: Beasts From Beyond – Ghoul","False","False"
"A","198609","Fate of the Elder Gods","245973","Fate of the Elder Gods: Beasts From Beyond – Shan","False","False"
"A","198609","Fate of the Elder Gods","303887","Fate of the Elder Gods: Cerulean Tendril","False","False"
"S","345868","Federation","448124","Federation: Piracy","False","False"
"S","277659","Final Girl","438604","Final Girl: A Demon in the Shadows","False","False"
"S","277659","Final Girl","438601","Final Girl: A Rotten Harvest","False","False"
"S","277659","Final Girl","438599","Final Girl: Bad Times at Buddyland","False","False"
"S","277659","Final Girl","426353","Final Girl: Bleeding Heart","False","False"
"S","277659","Final Girl","402686","Final Girl: Carolyn's Revenge","False","False"
"S","277659","Final Girl","401734","Final Girl: Don't Make a Sound","False","False"
"S","277659","Final Girl","432907","Final Girl: Grandma's Grudge","False","False"
"S","277659","Final Girl","438625","Final Girl: Guest Stars","False","False"
"S","277659","Final Girl","401727","Final Girl: Hell to Pay","False","False"
"S","277659","Final Girl","382625","Final Girl: Lore & Scenario Book – Series 2","False","False"
"S","277659","Final Girl","432909","Final Girl: Lore & Scenario Book – Series 3","False","False"
"S","277659","Final Girl","410767","Final Girl: S3 Ultimate Box","False","False"
"S","277659","Final Girl","438606","Final Girl: S4 Ultimate Box","False","False"
"S","277659","Final Girl","383418","Final Girl: Series 1 Bonus Features Box","False","False"
"S","277659","Final Girl","383419","Final Girl: Series 2 Bonus Features Box","False","False"
"S","277659","Final Girl","438833","Final Girl: Series 3 Bonus Features Box","False","False"
"S","277659","Final Girl","438600","Final Girl: Shriek","False","False"
"S","277659","Final Girl","476057","Final Girl: Terror from Beyond","False","False"
"S","277659","Final Girl","401964","Final Girl: Terror from Destiny","False","False"
"S","277659","Final Girl","401729","Final Girl: The Falconwood Files","False","False"
"S","277659","Final Girl","438602","Final Girl: The Green Terror","False","False"
"S","277659","Final Girl","401724","Final Girl: The Killer from Tomorrow","False","False"
"S","277659","Final Girl","401731","Final Girl: The Marrek Murders","False","False"
"S","277659","Final Girl","401763","Final Girl: The North Pole Nightmare","False","False"
"S","277659","Final Girl","464502","Final Girl: The Raptor Games","False","False"
"A","138161","Firefly: The Game","145481","Firefly: The Game – Artful Dodger","False","False"
"A","138161","Firefly: The Game","147736","Firefly: The Game – Breakin' Atmo","False","False"
"A","138161","Firefly: The Game","176331","Firefly: The Game – Card Pack","False","False"
"A","138161","Firefly: The Game","212140","Firefly: The Game – Crime & Punishment","False","False"
"A","138161","Firefly: The Game","177496","Firefly: The Game – Esmeralda","False","False"
"A","138161","Firefly: The Game","177497","Firefly: The Game – Jetwash","False","False"
"A","138161","Firefly: The Game","151953","Firefly: The Game – Pirates & Bounty Hunters","False","False"
"S","391137","Galactic Cruise","443379","Galactic Cruise: Achievements","False","False"
"A","265188","Glen More II: Chronicles","326956","Glen More II: Chronicles – Feed the Kraken Mini Chronicle","False","False"
"A","233868","HATE","246987","HATE: The Mother Prophecy","False","False"
"A","233868","HATE","246990","HATE: Tribe of Sarrassa","False","False"
"A","233868","HATE","246989","HATE: Tribe of Um'Tull","False","False"
"A","233868","HATE","246988","HATE: Tribe of Vore Nash","False","False"
"A","321608","Hegemony: Lead Your Class to Victory","374250","Hegemony: Lead Your Class to Victory – Crisis & Control","False","False"
"A","321608","Hegemony: Lead Your Class to Victory","456369","Hegemony: Shadows of Authority","False","False"
"A","155821","Inis","418217","Inis: Nemed","False","False"
"S","347305","Inventions: Evolution of Ideas","421474","Inventions: Evolution of Ideas – Upgrade Pack","False","False"
"A","325494","ISS Vanguard","418446","Awaken Realms Vault: Story Dice – AR Board Game Dice Bundle Box","False","False"
"A","325494","ISS Vanguard","340235","ISS Vanguard: Deadly Frontier","False","False"
"A","325494","ISS Vanguard","402966","ISS Vanguard: Fearless Crew Mini-Expansion","False","False"
"A","325494","ISS Vanguard","386774","ISS Vanguard: Story Dice Expansion","False","False"
"A","284378","Kanban EV","321238","Kanban EV: Upgrade Pack","False","False"
"A","155065","Lifeform","253223","Lifeform: Calibos","False","False"
"A","155065","Lifeform","250774","Lifeform: Dragon's Domain","False","False"
"A","155065","Lifeform","251582","Lifeform: Thirteenth Passenger","False","False"
"S","348877","Lobotomy 2: Manhunt","438191","Lobotomy 2: Dimensions of Madness","False","False"
"S","348877","Lobotomy 2: Manhunt","376889","Lobotomy 2: Manhunt – Criminally Insane Character Expansion","False","False"
"S","348877","Lobotomy 2: Manhunt","368766","Lobotomy 2: Manhunt – Hell Level Expansion","False","False"
"S","348877","Lobotomy 2: Manhunt","368735","Lobotomy 2: Manhunt – Inferno Expansion","False","False"
"S","348877","Lobotomy 2: Manhunt","368822","Lobotomy 2: Manhunt – Jazza Ward Character Expansion","False","False"
"S","348877","Lobotomy 2: Manhunt","368839","Lobotomy 2: Manhunt – Legacy Ward Character Expansion","False","False"
"S","348877","Lobotomy 2: Manhunt","368953","Lobotomy 2: Manhunt – Lobotomy 1 Monster Conversion Set","False","False"
"S","348877","Lobotomy 2: Manhunt","368987","Lobotomy 2: Manhunt – Lobotomy 1 Monsters: Classic","False","False"
"S","348877","Lobotomy 2: Manhunt","369415","Lobotomy 2: Manhunt – Lobotomy 1 Monsters: Cthulhu","False","False"
"S","348877","Lobotomy 2: Manhunt","434307","Lobotomy 2: Manhunt – Lobotomy 1 Monsters: Elite","False","False"
"S","348877","Lobotomy 2: Manhunt","369297","Lobotomy 2: Manhunt – Lobotomy 1 Monsters: From the Deep","False","False"
"S","348877","Lobotomy 2: Manhunt","368988","Lobotomy 2: Manhunt – Lobotomy 1 Monsters: Horror","False","False"
"S","348877","Lobotomy 2: Manhunt","368850","Lobotomy 2: Manhunt – Original Ward","False","False"
"S","348877","Lobotomy 2: Manhunt","368819","Lobotomy 2: Manhunt – Villain Ward Character Expansion","False","False"
"S","348877","Lobotomy 2: Manhunt","434308","Lobotomy II: Manhunt – Lobotomy 1 Monsters: Nightmare","False","False"
"S","167355","Nemesis","418446","Awaken Realms Vault: Story Dice – AR Board Game Dice Bundle Box","False","False"
"S","167355","Nemesis","295927","Nemesis: Achievement Cards","False","False"
"S","167355","Nemesis","256377","Nemesis: Aftermath & Void Seeders","False","False"
"S","167355","Nemesis","312736","Nemesis: Aftermath & Void Seeders & Medic","False","False"
"S","167355","Nemesis","297911","Nemesis: Blood Tests Deck","False","False"
"S","167355","Nemesis","245845","Nemesis: Carnomorphs","False","False"
"S","167355","Nemesis","274532","Nemesis: Crawl Deck","False","False"
"S","167355","Nemesis","386776","Nemesis: Story Dice Expansion – Intruder","False","False"
"S","167355","Nemesis","386781","Nemesis: Story Dice Expansion – Space Cat","False","False"
"A","310100","Nemesis: Lockdown","418446","Awaken Realms Vault: Story Dice – AR Board Game Dice Bundle Box","False","False"
"A","310100","Nemesis: Lockdown","245845","Nemesis: Carnomorphs","False","False"
"A","310100","Nemesis: Lockdown","321742","Nemesis: Lockdown – Stretch Goals","False","False"
"A","310100","Nemesis: Lockdown","335320","Nemesis: Lockdown – Untold Stories #3","False","False"
"A","310100","Nemesis: Lockdown","386776","Nemesis: Story Dice Expansion – Intruder","False","False"
"A","310100","Nemesis: Lockdown","386781","Nemesis: Story Dice Expansion – Space Cat","False","False"
"A","184267","On Mars","296981","On Mars: Upgrade Pack","False","False"
"A","266810","Paladins of the West Kingdom","290834","Level Up Loot 2","False","False"
"A","266810","Paladins of the West Kingdom","317980","Paladins of the West Kingdom: City of Crowns","False","False"
"A","266810","Paladins of the West Kingdom","304626","Paladins of the West Kingdom: King Dan","False","False"
"A","266810","Paladins of the West Kingdom","295660","Paladins of the West Kingdom: Meeple Folk","False","False"
"A","266810","Paladins of the West Kingdom","432453","Paladins of the West Kingdom: Player Suspicion Decks","False","False"
"A","266810","Paladins of the West Kingdom","330372","Paladins of the West Kingdom: Suzerain","False","False"
"A","266810","Paladins of the West Kingdom","327244","Paladins of the West Kingdom: The Vassals Mini-Expansion","False","False"
"A","266810","Paladins of the West Kingdom","296152","The West Kingdom Tomesaga","False","False"
"S","304510","Pampero","403056","Pampero: Clear Skies","False","False"
"S","304510","Pampero","436028","Pampero: Project Verne","False","False"
"S","304510","Pampero","424681","Pampero: Windfarm Connection Tiles","False","False"
"A","3076","Puerto Rico","286086","Deutscher Spielepreis Classic Goodie Box","False","False"
"A","3076","Puerto Rico","292912","Puerto Rico: Buccaneer","False","False"
"A","3076","Puerto Rico","12382","Puerto Rico: Expansion I – New Buildings","False","False"
"A","3076","Puerto Rico","159761","Puerto Rico: Expansion II – The Nobles","False","False"
"A","3076","Puerto Rico","270125","Puerto Rico: Expansions 1&2 – The New Buildings & The Nobles","False","False"
"A","3076","Puerto Rico","291423","Puerto Rico: Festival en Puerto Rico","False","False"
"A","169786","Scythe","262151","Scythe: Encounters","False","False"
"A","169786","Scythe","199727","Scythe: Invaders from Afar","False","False"
"A","169786","Scythe","279304","Scythe: Modular Board","False","False"
"A","169786","Scythe","242277","Scythe: The Rise of Fenris","False","False"
"A","169786","Scythe","223555","Scythe: The Wind Gambit","False","False"
"S","418059","SETI: Search for Extraterrestrial Intelligence","445048","SETI: Space Agencies","False","False"
"A","202426","Sidereal Confluence","456634","Sidereal Confluence: Proliferation","False","False"
"A","242302","Space Base","322546","Space Base: Biodome","False","False"
"A","242302","Space Base","277564","Space Base: Command Station","False","False"
"A","242302","Space Base","388569","Space Base: Genesis","False","False"
"A","242302","Space Base","266483","Space Base: The Emergence of Shy Pluto","False","False"
"A","242302","Space Base","349810","Space Base: The Mysteries of Terra Proxima","False","False"
"A","242302","Space Base","449898","Space Base: Velocity","False","False"
"S","375459","Speakeasy","450413","Speakeasy: Upgrade Pack","False","False"
"A","281258","Sub Terra II: Inferno's Edge","290827","Sub Terra II: Arima's Light","False","False"
"A","281258","Sub Terra II: Inferno's Edge","290828","Sub Terra II: Typhaon Wakes","False","False"
"A","306481","Tawantinsuyu: The Inca Empire","350461","Loot Box #1","False","False"
"A","306481","Tawantinsuyu: The Inca Empire","350465","Tawantinsuyu: Book of Challenges","False","False"
"A","306481","Tawantinsuyu: The Inca Empire","374348","Tawantinsuyu: Children of the Inca","False","False"
"S","297030","Tekhenu: Obelisk of the Sun","350461","Loot Box #1","False","False"
"S","297030","Tekhenu: Obelisk of the Sun","350463","Tekhenu: Book of Challenges","False","False"
"S","297030","Tekhenu: Obelisk of the Sun","350464","Tekhenu: Noble Buildings","False","False"
"S","297030","Tekhenu: Obelisk of the Sun","301358","Tekhenu: Obelisk of the Sun – Foundations of Karnak","False","False"
"S","297030","Tekhenu: Obelisk of the Sun","375608","Tekhenu: Obelisk of the Sun – Warmth of a Cat mini-expansion","False","False"
"S","381715","Teotihuacan: City of Gods – Deluxe Master Set","315049","Teotihuacan: City of Gods – 5th Player Expansion","False","False"
"A","167791","Terraforming Mars","473099","Terraforming Mars: 2vs2","False","False"
"A","167791","Terraforming Mars","406001","Terraforming Mars: Amazonis & Vastitas","False","False"
"A","167791","Terraforming Mars","401513","Terraforming Mars: Amazonis Planitia – Big Board Edition","False","False"
"A","167791","Terraforming Mars","395612","Terraforming Mars: Automa","False","False"
"A","167791","Terraforming Mars","241497","Terraforming Mars: BGG User-Created Corporation Pack","False","False"
"A","167791","Terraforming Mars","311247","Terraforming Mars: Big Box","False","False"
"A","167791","Terraforming Mars","428401","Terraforming Mars: Cardboard Map Box Big Box Extension","False","False"
"A","167791","Terraforming Mars","468457","Terraforming Mars: Floyd Continuum","False","False"
"A","167791","Terraforming Mars","401114","Terraforming Mars: Milestones & Awards","False","False"
"A","167791","Terraforming Mars","468570","Terraforming Mars: New Holland","False","False"
"A","167791","Terraforming Mars","387809","Terraforming Mars: Prelude 2","False","False"
"A","167791","Terraforming Mars","365385","Terraforming Mars: Terra Cimmeria – Big Board Edition","False","False"
"A","167791","Terraforming Mars","428511","Terraforming Mars: Utopia & Cimmeria","False","False"
"A","167791","Terraforming Mars","359145","Terraforming Mars: Utopia Planitia – Big Board Edition","False","False"
"A","167791","Terraforming Mars","365384","Terraforming Mars: Vastitas Borealis – Big Board Edition","False","False"
"A","167791","Terraforming Mars","459369","Terraforming Mars: Weather Balloons","False","False"
"A","328871","Terraforming Mars: Ares Expedition","358738","Terraforming Mars: Ares Expedition – Crisis","False","False"
"A","328871","Terraforming Mars: Ares Expedition","358739","Terraforming Mars: Ares Expedition – Discovery","False","False"
"A","328871","Terraforming Mars: Ares Expedition","358741","Terraforming Mars: Ares Expedition – Discovery · Foundations · Crisis","False","False"
"A","328871","Terraforming Mars: Ares Expedition","358740","Terraforming Mars: Ares Expedition – Foundations","False","False"
"A","172047","The Others","186076","The Others: 7 Sins – Apocalypse Expansion","False","False"
"A","172047","The Others","272899","The Others: 7 Sins – Apocalypse Extras","False","False"
"A","172047","The Others","186105","The Others: 7 Sins – Beta Team Expansion","False","False"
"A","172047","The Others","186079","The Others: 7 Sins – Delta Team Expansion","False","False"
"A","172047","The Others","186094","The Others: 7 Sins – Envy Expansion","False","False"
"A","172047","The Others","186078","The Others: 7 Sins – Gamma Team Expansion","False","False"
"A","172047","The Others","186090","The Others: 7 Sins – Gluttony Expansion","False","False"
"A","172047","The Others","186092","The Others: 7 Sins – Greed Expansion","False","False"
"A","172047","The Others","186091","The Others: 7 Sins – Lust Expansion","False","False"
"A","172047","The Others","186086","The Others: 7 Sins – Men of FAITH","False","False"
"A","172047","The Others","186106","The Others: 7 Sins – Omega Team Expansion","False","False"
"A","172047","The Others","186085","The Others: 7 Sins – Sons of Ragnarok Expansion","False","False"
"A","172047","The Others","186093","The Others: 7 Sins – Wrath Expansion","False","False"
"A","295293","The Thing: The Boardgame","360978","The Thing: Human Miniatures Set 2","False","False"
"A","260923","Titan","355759","Titan: For Science!","False","False"
"A","260923","Titan","355754","Titan: It came from below!","False","False"
"A","260923","Titan","355755","Titan: Starbot","False","False"
"A","260923","Titan","355763","Titan: The E-Team","False","False"
"A","299450","Tsukuyumi: Full Moon Down (Second Edition)","334031","Tsukuyumi: Event Horizon","False","False"
"A","299450","Tsukuyumi: Full Moon Down (Second Edition)","288339","Tsukuyumi: Full Moon Down – Leadership Cards","False","False"
"A","299450","Tsukuyumi: Full Moon Down (Second Edition)","333155","Tsukuyumi: Full Moon Down (Second Edition) – After the Moonfall Expansion","False","False"
"A","299450","Tsukuyumi: Full Moon Down (Second Edition)","427711","Tsukuyumi: Full Moon Down (Second Edition) – Amaterasu Rising","False","False"
"A","299450","Tsukuyumi: Full Moon Down (Second Edition)","439026","Tsukuyumi: Full Moon Down (Second Edition) – Forces of Nature","False","False"
"A","299450","Tsukuyumi: Full Moon Down (Second Edition)","342635","Tsukuyumi: Full Moon Down (Second Edition) – Kickstarter Exclusives","False","False"
"A","299450","Tsukuyumi: Full Moon Down (Second Edition)","439029","Tsukuyumi: Full Moon Down (Second Edition) – New Dawn","False","False"
"A","299450","Tsukuyumi: Full Moon Down (Second Edition)","439033","Tsukuyumi: Full Moon Down (Second Edition) – Scenario Booklet","False","False"
"S","290484","Unsettled","358003","Unsettled: Blackout","False","False"
"S","290484","Unsettled","358004","Unsettled: Gniir","False","False"
"S","290484","Unsettled","341037","Unsettled: Kaelyfos","False","False"
"S","290484","Unsettled","358002","Unsettled: Koguya","False","False"
"S","290484","Unsettled","458932","Unsettled: LUNA","False","False"
"S","290484","Unsettled","405580","Unsettled: Luna's Synthesizer","False","False"
"S","290484","Unsettled","358009","Unsettled: Scientific Fascinations","False","False"
"S","290484","Unsettled","358008","Unsettled: Scientific Specializations","False","False"
"S","290484","Unsettled","341036","Unsettled: Strannos","False","False"
"S","290484","Unsettled","358007","Unsettled: Survival Task Pack 1","False","False"
"S","290484","Unsettled","409629","Unsettled: Survival Task Pack 2","False","False"
"S","290484","Unsettled","425732","Unsettled: Taawa","False","False"
"S","290484","Unsettled","425733","Unsettled: Vo'qorr","False","False"
"S","290484","Unsettled","341024","Unsettled: Yendraal","False","False"
"S","380707","Vindication: Archive of the Ancients","427302","Vindication: Dreams & Nightmares","False","False"
"S","380707","Vindication: Archive of the Ancients","404514","Vindication: Remnants of the Ancients","False","False"
"S","337627","Voidfall","455819","Voidfall: Resurgence","False","False"
"S","337627","Voidfall","465117","Voidfall: The Last Novarch","False","False"
"A","115746","War of the Ring: Second Edition","407813","War of the Ring: Kings and Lords of Middle-Earth – Limited Edition","False","False"
"A","115746","War of the Ring: Second Edition","299490","War of the Ring: Kings of Middle-earth","False","False"
"A","115746","War of the Ring: Second Edition","132430","War of the Ring: Lords of Middle-earth – Treebeard Mini-Expansion","False","False"
"A","115746","War of the Ring: Second Edition","188886","War of the Ring: Scenario – The Breaking of the Fellowship","False","False"
"A","115746","War of the Ring: Second Edition","463030","War of the Ring: Sieges of Middle-earth","False","False"
"A","115746","War of the Ring: Second Edition","339076","War of the Ring: The Fate of Erebor","False","False"
"A","115746","War of the Ring: Second Edition","409927","War of the Ring: The Seeing Stones","False","False"
"A","115746","War of the Ring: Second Edition","210039","War of the Ring: Warriors of Middle-earth – Tidings Not Burdens Mini-Expansion","False","False"
"A","296237","Warp's Edge","321438","Warp's Edge: Viren Invasion","False","False"
"A","237179","Weather Machine","369931","Weather Machine: Upgrade Pack","False","False"
"S","82222","Xia: Legends of a Drift System","200200","Xia: Print and Play Mini Expansion","False","False"
